Location,Location_Type,Bedroom_Size,Price_2014_01,Price_2014_02,Price_2014_03,Price_2014_04,Price_2014_05,Price_2014_06,Price_2014_07,Price_2014_08,Price_2014_09,Price_2014_10,Price_2014_11,Price_2014_12,Price_2015_01,Price_2015_02,Price_2015_03,Price_2015_04,Price_2015_05,Price_2015_06,Price_2015_07,Price_2015_08,Price_2015_09,Price_2015_10,Price_2015_11,Price_2015_12,Price_2016_01,Price_2016_02,Price_2016_03,Price_2016_04,Price_2016_05,Price_2016_06,Price_2016_07,Price_2016_08,Price_2016_09,Price_2016_10,Price_2016_11,Price_2016_12,Price_2017_01,Price_2017_02,Price_2017_03,Price_2017_04,Price_2017_05,Price_2017_06,Price_2017_07,Price_2017_08,Price_2017_09,Price_2017_10,Price_2017_11,Price_2017_12,Price_2018_01,Price_2018_02,Price_2018_03,Price_2018_04,Price_2018_05,Price_2018_06
"Alabama","State","Studio",573,573,574,574,575,576,578,580,580,580,580,580,580,580,580,581,582,581,581,579,579,579,579,581,580,578,576,580,583,586,588,589,589,589,590,591,592,594,595,597,599,601,603,603,602,602,602,601,600,597,598,600,604,608
"Alabama","State","1br",624,624,625,625,626,627,629,631,631,631,631,632,631,631,632,632,633,632,633,631,630,630,631,633,631,630,627,631,635,638,640,641,641,642,642,643,645,646,647,650,652,655,656,656,656,655,655,655,653,650,650,653,658,662
"Alabama","State","2br",758,758,759,759,760,762,765,766,767,766,767,767,767,767,767,768,769,768,769,766,766,765,766,769,767,765,762,767,771,775,777,778,779,779,780,782,783,785,787,789,792,795,797,797,797,795,796,795,794,790,790,793,799,804
"Alabama","State","3br",1013,1013,1014,1015,1016,1018,1022,1024,1025,1024,1024,1026,1025,1025,1025,1026,1028,1027,1027,1024,1023,1022,1024,1027,1025,1022,1018,1025,1030,1036,1038,1040,1041,1042,1042,1044,1047,1049,1051,1055,1058,1063,1065,1065,1065,1063,1063,1063,1061,1055,1056,1060,1068,1074
"Alabama","State","4br",1178,1178,1179,1180,1182,1184,1188,1191,1192,1191,1192,1193,1192,1192,1193,1194,1196,1194,1195,1191,1190,1189,1191,1195,1192,1189,1184,1192,1198,1205,1208,1210,1210,1211,1212,1215,1218,1220,1222,1227,1231,1236,1239,1239,1238,1236,1237,1236,1234,1228,1228,1233,1242,1250
"Alaska","State","Studio",841,846,848,852,853,854,853,854,856,856,856,855,852,851,851,852,855,855,856,853,851,850,849,850,849,846,842,843,845,842,834,823,818,818,819,819,821,822,824,822,821,821,822,822,819,817,815,815,816,814,813,813,814,815
"Alaska","State","1br",961,967,969,974,975,975,974,976,978,978,978,977,974,973,972,974,977,977,978,975,973,971,970,971,970,967,963,964,966,962,953,941,934,934,935,936,938,939,941,940,938,938,940,940,936,933,931,932,933,930,930,929,930,932
"Alaska","State","2br",1230,1237,1239,1245,1247,1247,1246,1249,1251,1250,1251,1250,1245,1244,1243,1246,1250,1249,1251,1246,1244,1242,1241,1242,1241,1237,1231,1233,1235,1231,1219,1203,1195,1195,1196,1197,1199,1201,1204,1202,1200,1200,1202,1202,1197,1193,1191,1192,1193,1190,1189,1189,1190,1191
"Alaska","State","3br",1738,1748,1751,1760,1762,1763,1761,1765,1767,1767,1768,1766,1760,1758,1757,1761,1766,1766,1768,1762,1759,1755,1754,1756,1754,1748,1740,1742,1746,1740,1722,1701,1689,1689,1691,1692,1695,1698,1701,1698,1696,1695,1698,1699,1692,1687,1684,1684,1686,1681,1680,1680,1681,1684
"Alaska","State","4br",2086,2098,2102,2113,2116,2117,2115,2119,2122,2122,2122,2121,2113,2111,2110,2114,2120,2120,2123,2115,2111,2107,2106,2108,2105,2099,2089,2091,2096,2089,2068,2042,2028,2027,2030,2032,2035,2038,2042,2039,2036,2035,2039,2039,2031,2025,2021,2022,2024,2019,2017,2017,2019,2022
"Arizona","State","Studio",600,603,605,606,608,610,612,613,614,615,616,618,619,621,623,626,630,632,637,639,640,641,644,647,646,646,647,652,654,655,656,658,660,662,663,664,666,669,674,679,682,685,687,688,690,690,690,690,691,692,694,696,699,701
"Arizona","State","1br",709,712,714,716,718,720,723,724,725,726,728,730,732,734,736,740,744,747,752,755,756,757,761,764,763,763,765,770,773,773,775,777,780,782,783,785,787,791,796,802,806,809,811,813,815,815,815,816,817,818,820,822,825,828
"Arizona","State","2br",896,900,902,905,907,910,913,915,916,917,920,923,924,927,930,935,940,944,950,954,955,957,961,965,964,964,966,973,976,977,979,981,985,988,990,991,994,999,1005,1013,1018,1022,1025,1027,1029,1029,1029,1030,1032,1033,1036,1038,1043,1046
"Arizona","State","3br",1295,1301,1305,1308,1312,1315,1320,1322,1325,1326,1330,1334,1336,1341,1344,1351,1358,1364,1374,1379,1381,1383,1390,1396,1394,1394,1397,1407,1411,1412,1416,1419,1424,1428,1431,1433,1437,1444,1454,1465,1472,1478,1482,1485,1488,1488,1488,1490,1491,1494,1498,1501,1507,1513
"Arizona","State","4br",1503,1509,1513,1518,1522,1526,1531,1534,1536,1538,1543,1548,1550,1555,1559,1568,1576,1583,1594,1600,1602,1604,1612,1619,1617,1618,1620,1632,1637,1638,1642,1646,1652,1656,1660,1663,1667,1676,1686,1699,1708,1714,1719,1723,1726,1726,1726,1728,1730,1733,1738,1742,1749,1755
"Arkansas","State","Studio",502,502,502,504,505,506,507,507,507,508,508,509,509,509,509,509,510,510,511,511,511,510,509,509,507,506,507,511,514,514,515,515,516,517,518,519,519,519,520,521,522,522,522,521,522,522,522,522,522,523,522,522,524,525
"Arkansas","State","1br",546,546,547,549,550,551,552,552,553,553,553,554,554,554,555,555,555,555,556,557,557,556,554,554,552,551,552,556,559,560,561,561,562,563,564,565,565,565,566,568,569,568,568,568,568,569,569,569,568,569,569,569,571,572
"Arkansas","State","2br",690,690,691,693,695,696,697,698,698,698,699,700,700,700,701,701,701,701,703,703,703,702,700,700,698,697,697,702,707,707,709,709,710,711,713,714,714,714,715,717,718,718,718,717,718,718,719,718,718,719,718,718,721,722
"Arkansas","State","3br",935,935,936,939,941,943,944,946,946,946,947,949,948,949,949,950,950,950,952,953,953,952,949,949,946,944,945,952,958,959,961,960,962,964,966,968,967,967,969,972,974,973,973,972,973,974,974,974,973,974,974,974,978,979
"Arkansas","State","4br",1095,1095,1097,1100,1102,1104,1106,1107,1108,1108,1109,1111,1111,1111,1112,1112,1113,1113,1115,1116,1116,1115,1112,1111,1107,1106,1107,1115,1122,1123,1125,1125,1126,1129,1131,1133,1133,1133,1135,1138,1140,1140,1140,1138,1140,1140,1140,1140,1140,1141,1140,1140,1145,1146
"California","State","Studio",1012,1016,1020,1026,1031,1037,1046,1053,1058,1060,1064,1067,1069,1073,1078,1086,1096,1102,1111,1119,1124,1129,1133,1137,1139,1143,1148,1150,1153,1154,1159,1161,1164,1166,1167,1167,1168,1175,1185,1197,1202,1207,1212,1216,1218,1218,1218,1217,1215,1217,1219,1222,1228,1232
"California","State","1br",1191,1196,1201,1207,1213,1220,1230,1239,1245,1247,1251,1255,1258,1263,1268,1278,1290,1296,1307,1316,1323,1328,1333,1337,1340,1345,1350,1352,1356,1358,1363,1366,1370,1372,1372,1373,1374,1382,1394,1409,1414,1420,1426,1431,1433,1433,1433,1431,1429,1432,1434,1438,1445,1450
"California","State","2br",1519,1525,1531,1539,1547,1556,1569,1579,1587,1590,1596,1601,1604,1610,1617,1630,1645,1653,1667,1678,1687,1693,1700,1705,1709,1715,1722,1725,1729,1731,1738,1742,1747,1750,1750,1751,1752,1763,1778,1796,1803,1810,1818,1824,1828,1828,1827,1825,1823,1826,1829,1833,1842,1849
"California","State","3br",2104,2112,2121,2132,2143,2155,2173,2188,2198,2203,2210,2217,2222,2230,2239,2258,2279,2289,2309,2325,2337,2346,2354,2362,2367,2376,2385,2389,2396,2398,2408,2412,2420,2423,2424,2425,2426,2441,2463,2488,2498,2508,2518,2527,2532,2532,2531,2528,2525,2529,2534,2539,2552,2561
"California","State","4br",2444,2454,2463,2477,2489,2503,2524,2541,2554,2559,2568,2575,2581,2591,2601,2623,2647,2659,2682,2700,2714,2725,2735,2743,2750,2760,2770,2775,2783,2786,2797,2802,2811,2815,2816,2817,2818,2836,2861,2890,2901,2913,2925,2935,2941,2941,2940,2937,2933,2938,2943,2950,2964,2975
"Colorado","State","Studio",705,706,710,717,725,733,742,750,755,756,759,761,763,764,773,780,788,792,801,809,813,813,811,810,810,813,818,823,830,833,839,841,841,839,835,831,829,832,838,845,854,863,870,873,870,864,858,854,852,853,857,861,867,871
"Colorado","State","1br",830,831,835,844,853,862,874,882,888,890,894,896,898,900,910,918,928,932,942,952,957,957,955,953,953,957,963,969,976,981,988,989,989,987,983,978,976,979,986,995,1005,1016,1024,1027,1024,1017,1010,1005,1002,1004,1009,1013,1020,1025
"Colorado","State","2br",1052,1054,1059,1070,1082,1093,1108,1119,1126,1129,1133,1136,1138,1141,1153,1164,1177,1182,1195,1207,1213,1214,1210,1209,1209,1214,1221,1228,1238,1244,1252,1254,1254,1252,1246,1241,1238,1242,1250,1261,1275,1288,1299,1302,1298,1290,1281,1274,1271,1273,1279,1285,1293,1300
"Colorado","State","3br",1515,1518,1526,1541,1558,1575,1596,1612,1623,1626,1633,1637,1640,1643,1662,1676,1695,1703,1721,1739,1748,1749,1744,1742,1742,1749,1759,1769,1783,1792,1804,1807,1807,1804,1795,1787,1783,1789,1801,1817,1837,1856,1871,1876,1870,1858,1845,1836,1831,1834,1843,1851,1863,1873
"Colorado","State","4br",1776,1779,1789,1806,1827,1846,1871,1889,1902,1906,1914,1919,1922,1926,1948,1965,1987,1997,2017,2038,2048,2050,2044,2041,2042,2050,2061,2074,2090,2100,2115,2118,2118,2114,2104,2095,2090,2097,2111,2130,2153,2175,2193,2199,2192,2178,2163,2152,2146,2150,2161,2170,2184,2195
"Connecticut","State","Studio",844,847,850,853,856,859,862,863,861,858,856,856,858,859,863,867,876,876,878,877,874,874,876,878,879,879,881,883,885,886,887,888,889,888,885,884,885,887,888,892,896,899,900,901,900,899,898,896,896,898,902,904,907,910
"Connecticut","State","1br",1010,1014,1017,1021,1024,1029,1032,1033,1031,1027,1025,1025,1027,1028,1032,1038,1048,1048,1051,1049,1046,1046,1048,1051,1052,1052,1055,1056,1059,1060,1062,1063,1064,1062,1059,1058,1059,1061,1063,1068,1072,1076,1077,1078,1077,1076,1074,1072,1072,1075,1079,1082,1085,1089
"Connecticut","State","2br",1265,1269,1273,1278,1283,1288,1292,1293,1290,1286,1283,1283,1285,1288,1292,1299,1312,1312,1316,1314,1309,1309,1313,1316,1317,1317,1321,1323,1326,1327,1329,1331,1332,1330,1326,1324,1325,1328,1331,1337,1342,1347,1349,1349,1348,1348,1345,1343,1342,1346,1351,1354,1359,1363
"Connecticut","State","3br",1607,1613,1618,1624,1630,1637,1642,1644,1640,1634,1630,1631,1633,1636,1642,1651,1667,1667,1672,1670,1664,1664,1668,1672,1674,1673,1679,1681,1685,1687,1689,1691,1693,1690,1685,1683,1684,1688,1691,1699,1706,1712,1714,1715,1714,1712,1709,1706,1706,1710,1717,1721,1726,1732
"Connecticut","State","4br",1857,1864,1869,1877,1884,1891,1898,1900,1895,1888,1884,1885,1887,1891,1898,1908,1927,1927,1932,1929,1922,1922,1928,1933,1934,1934,1940,1942,1948,1949,1952,1954,1956,1953,1948,1945,1947,1951,1954,1964,1971,1979,1981,1982,1980,1979,1975,1972,1971,1976,1984,1989,1995,2002
"Delaware","State","Studio",763,765,767,772,776,778,779,778,778,779,778,778,779,781,786,790,803,796,798,796,793,791,790,789,791,795,805,814,823,822,825,826,828,827,824,820,818,818,824,833,840,846,845,844,842,843,842,838,835,834,835,837,843,850
"Delaware","State","1br",880,882,885,890,895,897,898,897,898,899,897,898,898,901,906,911,925,918,920,917,914,912,910,910,912,916,928,938,949,948,951,953,954,953,950,945,943,943,950,960,968,975,974,974,971,972,970,966,963,962,963,965,972,980
"Delaware","State","2br",1073,1075,1079,1085,1091,1094,1095,1094,1094,1095,1094,1094,1095,1098,1104,1111,1128,1119,1122,1118,1114,1112,1110,1110,1112,1117,1132,1144,1157,1156,1159,1161,1163,1162,1158,1152,1150,1150,1158,1171,1181,1189,1188,1187,1183,1185,1183,1178,1174,1173,1174,1177,1185,1195
"Delaware","State","3br",1416,1419,1424,1433,1441,1444,1445,1444,1445,1446,1444,1445,1445,1450,1458,1466,1489,1477,1481,1476,1471,1468,1465,1465,1468,1474,1494,1510,1527,1526,1530,1533,1536,1534,1529,1521,1518,1518,1529,1545,1559,1569,1568,1567,1562,1564,1562,1555,1550,1548,1550,1554,1564,1578
"Delaware","State","4br",1609,1611,1617,1627,1636,1640,1641,1640,1640,1642,1640,1640,1642,1647,1655,1665,1691,1678,1682,1676,1671,1668,1664,1664,1668,1674,1697,1715,1734,1733,1738,1741,1744,1742,1736,1728,1724,1724,1736,1755,1770,1782,1781,1779,1774,1776,1774,1766,1760,1758,1760,1765,1776,1792
"District of Columbia","State","Studio",1330,1327,1328,1336,1346,1351,1358,1355,1354,1343,1337,1335,1330,1331,1334,1342,1346,1348,1353,1359,1359,1358,1357,1362,1368,1369,1369,1375,1386,1397,1410,1416,1418,1408,1393,1381,1374,1378,1381,1388,1393,1400,1406,1410,1408,1401,1389,1379,1374,1376,1384,1385,1391,1398
"District of Columbia","State","1br",1398,1394,1396,1404,1414,1419,1427,1424,1422,1411,1404,1403,1397,1399,1402,1410,1414,1417,1421,1427,1428,1427,1426,1431,1437,1438,1438,1445,1456,1468,1482,1488,1490,1480,1464,1451,1443,1448,1451,1458,1463,1471,1477,1481,1480,1472,1459,1448,1444,1446,1454,1455,1462,1469
"District of Columbia","State","2br",1613,1609,1611,1620,1632,1638,1646,1643,1641,1629,1621,1619,1612,1614,1618,1627,1631,1635,1640,1647,1648,1646,1646,1652,1659,1660,1660,1667,1681,1694,1710,1717,1719,1707,1689,1675,1666,1671,1674,1682,1689,1698,1705,1709,1707,1698,1684,1672,1666,1669,1678,1679,1687,1695
"District of Columbia","State","3br",2125,2119,2122,2134,2149,2158,2169,2165,2162,2145,2135,2133,2124,2126,2131,2144,2149,2153,2161,2170,2170,2169,2168,2176,2185,2186,2187,2196,2214,2232,2252,2262,2264,2249,2225,2206,2194,2201,2205,2216,2224,2236,2246,2252,2249,2237,2218,2202,2195,2198,2210,2212,2222,2233
"District of Columbia","State","4br",2638,2631,2634,2649,2668,2678,2692,2687,2684,2663,2650,2647,2636,2639,2645,2661,2668,2673,2682,2694,2694,2692,2691,2701,2712,2714,2714,2726,2748,2771,2796,2808,2811,2792,2762,2739,2724,2732,2737,2751,2761,2776,2788,2795,2792,2777,2753,2733,2725,2729,2744,2746,2758,2772
"Florida","State","Studio",715,718,720,724,727,729,733,736,738,739,741,743,745,747,750,754,760,764,770,774,776,779,782,783,784,784,786,786,788,787,788,789,790,791,792,792,793,796,801,808,810,813,816,818,819,820,821,822,822,823,824,826,830,834
"Florida","State","1br",830,833,836,840,843,847,851,854,856,857,860,863,865,867,870,875,882,886,893,898,901,904,907,909,909,910,912,913,914,914,915,915,917,918,919,920,920,924,930,938,940,944,947,949,951,952,953,954,954,955,957,959,964,968
"Florida","State","2br",1034,1039,1043,1047,1052,1056,1061,1065,1067,1069,1072,1076,1078,1082,1085,1091,1100,1105,1114,1119,1124,1127,1131,1133,1134,1135,1138,1138,1140,1139,1141,1141,1143,1145,1146,1147,1148,1152,1159,1169,1172,1176,1180,1184,1185,1186,1188,1190,1190,1191,1193,1196,1202,1206
"Florida","State","3br",1401,1408,1412,1418,1424,1430,1437,1442,1446,1448,1453,1457,1461,1465,1469,1478,1490,1497,1509,1516,1522,1527,1533,1535,1536,1538,1541,1541,1544,1543,1545,1546,1549,1551,1552,1553,1555,1561,1570,1584,1588,1594,1599,1604,1605,1607,1609,1611,1612,1613,1616,1620,1628,1634
"Florida","State","4br",1682,1690,1696,1703,1710,1717,1726,1731,1736,1739,1744,1750,1754,1759,1764,1775,1789,1797,1812,1821,1827,1833,1840,1843,1844,1846,1850,1851,1854,1853,1855,1856,1859,1862,1864,1865,1867,1874,1885,1901,1907,1913,1920,1925,1928,1930,1932,1935,1935,1937,1940,1945,1954,1962
"Georgia","State","Studio",678,680,683,687,692,696,702,706,710,712,715,716,717,718,722,728,733,737,742,745,747,748,750,753,754,756,758,763,768,771,775,778,780,781,780,779,779,783,788,792,795,799,804,807,808,809,808,807,806,807,809,811,814,817
"Georgia","State","1br",717,720,723,728,732,736,743,748,752,754,757,758,759,760,764,771,776,780,785,789,791,792,794,797,799,801,803,808,813,816,821,823,825,826,826,825,825,829,834,839,842,846,851,854,856,856,855,854,854,855,857,858,862,865
"Georgia","State","2br",846,849,853,858,864,869,876,882,887,889,893,895,895,897,901,909,916,920,926,930,933,934,937,940,942,944,947,953,959,963,968,971,974,975,974,973,973,978,983,989,993,998,1004,1007,1009,1010,1009,1007,1007,1008,1010,1013,1017,1020
"Georgia","State","3br",1123,1127,1132,1139,1146,1153,1163,1171,1177,1180,1185,1188,1189,1190,1197,1207,1216,1222,1229,1235,1238,1240,1244,1248,1251,1254,1257,1266,1273,1279,1285,1289,1292,1294,1293,1292,1292,1298,1306,1313,1318,1325,1332,1337,1340,1341,1339,1337,1337,1338,1341,1344,1350,1354
"Georgia","State","4br",1364,1369,1375,1384,1393,1401,1413,1423,1430,1434,1439,1443,1444,1446,1453,1466,1477,1484,1493,1500,1504,1506,1510,1516,1519,1523,1526,1537,1547,1553,1561,1566,1570,1572,1571,1569,1569,1577,1586,1595,1601,1610,1618,1624,1627,1628,1627,1624,1624,1626,1629,1633,1639,1645
"Hawaii","State","Studio",1169,1178,1182,1177,1182,1186,1196,1201,1199,1199,1206,1219,1216,1212,1204,1203,1209,1222,1240,1255,1256,1264,1270,1286,1289,1290,1282,1302,1306,1312,1305,1306,1304,1305,1305,1309,1305,1307,1298,1313,1317,1324,1323,1323,1325,1315,1309,1295,1301,1307,1311,1298,1287,1275
"Hawaii","State","1br",1319,1329,1334,1329,1334,1339,1349,1356,1354,1353,1361,1376,1372,1368,1359,1358,1364,1379,1400,1416,1418,1427,1434,1451,1455,1456,1447,1469,1475,1481,1473,1474,1472,1473,1473,1477,1473,1476,1465,1482,1487,1494,1493,1493,1496,1484,1477,1462,1469,1475,1480,1465,1452,1439
"Hawaii","State","2br",1730,1743,1749,1743,1750,1756,1770,1778,1775,1775,1785,1805,1800,1794,1783,1781,1789,1809,1836,1857,1859,1871,1881,1904,1908,1910,1899,1927,1934,1943,1932,1933,1931,1932,1932,1937,1932,1936,1922,1944,1950,1959,1959,1959,1962,1947,1937,1917,1927,1935,1941,1922,1905,1888
"Hawaii","State","3br",2478,2497,2506,2496,2507,2515,2535,2547,2543,2542,2557,2585,2579,2570,2554,2552,2563,2591,2630,2661,2663,2680,2694,2727,2734,2735,2720,2761,2771,2783,2768,2769,2766,2767,2767,2775,2767,2772,2753,2784,2793,2807,2806,2806,2811,2789,2775,2746,2760,2772,2781,2752,2729,2704
"Hawaii","State","4br",2994,3017,3027,3016,3028,3038,3063,3077,3072,3071,3089,3123,3115,3105,3085,3082,3097,3130,3177,3214,3218,3238,3254,3295,3303,3305,3285,3335,3347,3362,3343,3345,3341,3343,3343,3353,3343,3349,3326,3363,3375,3391,3390,3390,3395,3369,3352,3318,3334,3349,3359,3325,3296,3267
"Idaho","State","Studio",498,498,499,500,502,504,507,509,509,510,512,513,513,514,515,516,517,517,519,519,519,518,518,520,518,519,518,522,525,528,531,533,534,535,535,535,535,537,541,546,550,553,556,557,558,558,559,562,561,560,559,562,566,569
"Idaho","State","1br",567,567,569,569,571,574,578,579,580,581,583,584,584,585,586,588,589,589,591,591,591,589,590,592,590,590,589,594,598,601,605,607,608,609,609,609,609,611,616,621,626,630,633,635,635,636,637,640,639,637,637,640,644,648
"Idaho","State","2br",734,734,736,737,739,742,747,749,750,751,754,755,756,757,759,761,762,762,765,764,764,762,763,765,763,764,763,769,774,778,783,785,787,788,788,788,788,791,796,804,810,815,819,821,822,822,824,828,827,824,824,828,834,839
"Idaho","State","3br",1032,1032,1034,1035,1039,1043,1050,1053,1055,1056,1059,1062,1062,1064,1066,1069,1071,1071,1075,1074,1074,1072,1073,1076,1072,1074,1072,1081,1088,1093,1100,1104,1106,1108,1108,1107,1108,1112,1119,1130,1138,1145,1151,1154,1156,1156,1158,1163,1162,1159,1158,1164,1172,1179
"Idaho","State","4br",1254,1255,1257,1258,1263,1268,1277,1280,1282,1284,1288,1291,1291,1294,1296,1300,1302,1301,1307,1306,1306,1303,1304,1308,1303,1305,1303,1314,1323,1329,1337,1342,1345,1346,1347,1346,1347,1351,1361,1374,1384,1392,1399,1403,1405,1405,1408,1414,1413,1409,1408,1415,1425,1433
"Illinois","State","Studio",729,731,734,737,740,742,746,748,748,747,746,744,744,745,748,752,756,760,767,770,769,769,769,768,766,765,767,767,768,769,773,775,778,776,774,773,773,775,779,784,787,791,793,793,791,787,784,783,783,783,784,785,787,789
"Illinois","State","1br",841,843,846,850,853,856,860,862,862,861,860,858,857,859,862,867,872,877,884,887,887,887,887,885,883,882,884,884,886,886,891,893,897,895,893,891,891,894,898,904,908,912,915,915,912,907,904,903,903,903,904,905,908,910
"Illinois","State","2br",1009,1011,1015,1019,1023,1027,1031,1034,1034,1033,1031,1029,1028,1030,1034,1040,1046,1052,1060,1065,1064,1064,1064,1062,1059,1057,1061,1060,1063,1063,1069,1072,1075,1073,1071,1069,1069,1072,1077,1084,1089,1094,1097,1097,1093,1088,1084,1083,1083,1083,1084,1086,1089,1092
"Illinois","State","3br",1298,1301,1306,1312,1316,1321,1327,1331,1331,1329,1327,1325,1323,1326,1331,1338,1346,1354,1364,1370,1369,1369,1369,1367,1363,1361,1365,1365,1367,1368,1375,1379,1384,1381,1378,1376,1375,1379,1386,1395,1401,1408,1412,1412,1407,1400,1395,1393,1394,1394,1395,1397,1401,1405
"Illinois","State","4br",1536,1540,1546,1553,1558,1564,1571,1575,1575,1573,1570,1568,1566,1569,1575,1584,1593,1602,1615,1622,1621,1620,1621,1618,1613,1611,1615,1615,1618,1619,1627,1632,1638,1635,1631,1628,1627,1633,1641,1651,1659,1666,1671,1671,1665,1657,1651,1649,1650,1650,1651,1654,1659,1663
"Indiana","State","Studio",528,528,529,531,532,533,535,535,534,533,534,534,534,533,532,532,532,532,533,535,535,535,536,537,537,537,537,539,541,542,543,544,544,545,545,545,545,546,547,550,551,553,554,555,555,554,555,555,556,556,557,557,559,560
"Indiana","State","1br",614,615,616,618,619,620,622,622,622,621,621,622,621,621,619,620,619,619,621,622,623,623,624,625,625,625,625,628,630,631,632,633,634,634,634,634,634,635,637,640,642,643,645,646,645,645,646,646,647,647,648,648,650,651
"Indiana","State","2br",772,773,774,776,778,780,782,782,781,780,781,782,781,780,779,779,778,778,780,782,783,783,784,786,786,786,786,789,792,793,795,795,796,796,797,797,797,798,801,804,806,809,811,811,811,811,812,812,813,813,814,815,817,819
"Indiana","State","3br",1015,1016,1018,1021,1023,1025,1028,1028,1027,1026,1027,1028,1027,1026,1024,1024,1023,1023,1026,1028,1029,1029,1031,1033,1033,1033,1033,1037,1041,1043,1045,1046,1047,1047,1048,1048,1048,1050,1053,1058,1061,1064,1066,1067,1067,1066,1067,1068,1069,1069,1070,1072,1075,1077
"Indiana","State","4br",1146,1148,1151,1153,1156,1158,1162,1162,1161,1159,1160,1161,1160,1159,1157,1157,1156,1156,1159,1162,1163,1163,1164,1167,1167,1167,1167,1172,1176,1178,1181,1182,1183,1183,1183,1184,1184,1186,1190,1195,1198,1201,1205,1205,1205,1205,1206,1207,1207,1207,1209,1211,1214,1216
"Iowa","State","Studio",497,498,499,501,502,503,504,506,507,506,505,505,505,505,506,508,510,511,514,516,515,511,509,509,512,516,519,520,521,519,519,517,517,517,518,518,519,519,521,524,526,527,526,526,525,525,524,524,524,523,523,525,526,528
"Iowa","State","1br",576,577,579,581,582,583,585,587,587,586,585,585,585,586,587,589,591,592,595,598,597,592,590,590,594,598,602,603,604,602,601,599,599,599,600,601,601,602,604,608,609,610,610,609,609,608,608,608,607,606,607,608,610,611
"Iowa","State","2br",737,738,740,743,744,745,748,750,751,749,748,748,748,749,751,753,756,757,761,765,763,757,755,755,759,765,770,771,772,770,769,767,767,766,767,768,769,770,772,777,779,781,780,779,778,778,777,777,777,775,776,778,780,782
"Iowa","State","3br",989,990,993,997,999,1000,1004,1007,1008,1006,1004,1004,1004,1006,1008,1011,1014,1016,1022,1027,1024,1016,1013,1013,1019,1026,1033,1035,1037,1033,1032,1029,1029,1028,1030,1031,1032,1033,1036,1043,1046,1048,1046,1046,1045,1044,1043,1043,1042,1041,1041,1044,1047,1050
"Iowa","State","4br",1106,1108,1111,1115,1117,1119,1123,1127,1128,1125,1124,1123,1124,1125,1127,1131,1135,1137,1143,1149,1146,1137,1134,1133,1140,1148,1156,1158,1160,1156,1154,1151,1151,1150,1152,1154,1154,1156,1159,1167,1170,1172,1171,1170,1169,1168,1167,1167,1166,1164,1165,1168,1172,1174
"Kansas","State","Studio",518,519,519,521,523,526,528,529,530,530,530,530,530,530,532,533,535,536,538,539,538,536,536,538,538,539,538,541,545,547,548,548,548,547,547,547,548,550,551,554,555,557,558,558,558,557,557,557,557,558,558,559,562,564
"Kansas","State","1br",607,608,609,611,613,616,619,621,621,621,621,621,621,622,623,625,627,628,631,632,631,629,628,631,631,631,631,634,638,641,643,642,642,642,641,642,642,644,646,649,651,653,654,655,654,653,652,652,653,654,655,656,658,661
"Kansas","State","2br",778,779,781,783,786,790,794,796,797,796,796,796,796,797,799,802,804,805,809,811,809,806,805,809,809,809,809,813,818,822,824,824,823,823,822,823,824,826,829,832,835,837,839,839,839,838,836,837,838,839,839,841,844,847
"Kansas","State","3br",1055,1056,1058,1062,1066,1071,1076,1079,1080,1080,1079,1079,1079,1081,1083,1087,1090,1092,1097,1099,1096,1093,1092,1096,1097,1097,1096,1103,1109,1114,1117,1117,1116,1115,1115,1115,1117,1120,1123,1128,1132,1135,1137,1138,1137,1135,1134,1134,1136,1137,1138,1140,1144,1149
"Kansas","State","4br",1217,1218,1220,1224,1229,1235,1240,1244,1245,1245,1245,1244,1245,1246,1249,1253,1257,1259,1264,1267,1264,1260,1259,1264,1265,1265,1264,1271,1279,1284,1288,1287,1287,1286,1286,1286,1288,1291,1295,1301,1305,1309,1311,1312,1311,1309,1307,1308,1309,1311,1312,1314,1319,1324
"Kentucky","State","Studio",495,495,496,498,500,501,503,503,503,501,501,501,501,503,504,507,510,512,514,516,516,517,518,519,518,519,519,522,524,526,528,528,528,528,529,531,533,536,538,539,540,542,543,542,539,538,537,536,535,536,537,537,538,538
"Kentucky","State","1br",556,556,557,559,561,563,565,565,564,563,562,562,563,564,566,569,573,575,577,580,580,580,581,582,581,582,583,586,588,591,593,593,593,593,594,596,599,601,604,605,607,609,609,608,605,604,603,602,601,602,602,603,604,604
"Kentucky","State","2br",707,708,709,711,714,716,719,719,718,716,715,715,716,718,720,724,729,731,735,738,738,738,740,741,740,741,742,746,749,752,754,755,754,754,756,758,762,765,768,770,772,775,775,774,770,768,768,766,765,765,767,767,768,769
"Kentucky","State","3br",964,965,967,969,973,976,980,980,979,976,975,975,976,979,982,987,993,997,1001,1006,1006,1006,1008,1010,1008,1010,1012,1016,1020,1025,1028,1029,1028,1028,1030,1033,1038,1043,1047,1050,1052,1056,1057,1055,1050,1047,1046,1044,1043,1043,1045,1045,1047,1048
"Kentucky","State","4br",1110,1111,1113,1117,1121,1124,1128,1129,1127,1124,1123,1123,1125,1128,1131,1137,1144,1148,1154,1158,1158,1159,1161,1163,1162,1163,1165,1171,1175,1180,1184,1185,1184,1184,1187,1190,1196,1201,1206,1209,1212,1216,1217,1215,1210,1206,1205,1203,1201,1202,1204,1204,1206,1207
"Louisiana","State","Studio",586,588,589,590,591,592,594,596,596,597,597,597,597,598,597,597,597,597,599,598,595,594,595,598,596,592,588,590,592,593,595,596,597,596,597,597,597,598,601,604,606,609,610,611,611,610,607,604,602,604,605,605,606,605
"Louisiana","State","1br",675,676,677,679,680,681,683,685,686,686,687,687,687,687,687,687,687,687,689,687,685,683,685,688,686,681,676,679,681,683,684,686,687,686,686,686,687,688,691,695,698,701,702,703,703,702,698,695,693,695,697,696,697,696
"Louisiana","State","2br",819,821,823,824,825,827,829,832,833,833,834,834,834,835,835,835,834,835,836,835,832,830,832,836,833,827,821,824,827,829,831,833,834,833,833,833,834,836,839,844,847,851,852,853,853,852,848,844,841,844,846,845,846,845
"Louisiana","State","3br",1060,1062,1064,1066,1068,1070,1073,1077,1078,1078,1079,1079,1079,1080,1080,1080,1079,1080,1082,1080,1076,1074,1076,1082,1078,1070,1063,1066,1070,1073,1075,1078,1079,1078,1078,1078,1079,1082,1086,1092,1096,1101,1103,1104,1104,1102,1097,1091,1088,1092,1094,1093,1095,1093
"Louisiana","State","4br",1240,1243,1245,1248,1249,1252,1255,1260,1261,1261,1262,1263,1263,1264,1263,1263,1263,1263,1266,1264,1259,1256,1259,1266,1261,1252,1243,1248,1252,1255,1258,1261,1262,1261,1262,1262,1263,1265,1270,1277,1282,1288,1290,1292,1292,1290,1283,1277,1273,1278,1280,1279,1281,1279
"Maine","State","Studio",639,642,647,653,660,664,668,670,671,671,670,669,665,664,664,670,674,677,681,683,684,682,681,680,680,682,685,688,692,694,699,702,705,704,702,702,702,702,703,706,710,711,714,717,719,721,723,720,716,713,714,715,717,717
"Maine","State","1br",702,705,710,717,725,729,733,735,736,736,735,734,730,729,729,735,740,743,748,750,751,749,748,747,746,748,752,756,760,762,767,770,774,773,771,771,771,771,772,775,779,781,784,787,789,791,793,791,786,783,784,785,787,787
"Maine","State","2br",872,876,882,891,900,906,910,914,915,915,914,912,907,906,906,913,919,923,929,932,932,930,929,928,927,930,934,939,944,946,953,957,961,960,957,957,958,958,959,963,968,970,973,977,981,983,986,982,977,972,974,976,977,978
"Maine","State","3br",1148,1153,1162,1173,1185,1192,1199,1203,1204,1205,1203,1201,1195,1192,1192,1202,1210,1215,1223,1227,1228,1225,1223,1221,1220,1224,1230,1236,1243,1246,1255,1260,1266,1264,1261,1260,1261,1261,1263,1269,1274,1277,1282,1287,1291,1294,1298,1293,1286,1280,1282,1285,1287,1288
"Maine","State","4br",1283,1289,1298,1311,1324,1332,1339,1344,1346,1346,1344,1342,1335,1332,1332,1343,1352,1358,1367,1371,1372,1369,1367,1365,1364,1368,1374,1381,1389,1392,1402,1408,1414,1412,1409,1408,1409,1409,1411,1417,1424,1427,1432,1438,1443,1446,1450,1445,1437,1430,1433,1435,1438,1439
"Maryland","State","Studio",1012,1016,1019,1023,1027,1030,1034,1035,1035,1035,1035,1035,1036,1038,1043,1050,1058,1060,1062,1063,1062,1063,1062,1063,1064,1067,1071,1076,1081,1084,1085,1085,1084,1082,1080,1078,1079,1082,1086,1091,1096,1101,1104,1104,1101,1098,1097,1094,1092,1091,1094,1099,1105,1111
"Maryland","State","1br",1137,1140,1144,1148,1153,1157,1161,1162,1162,1162,1162,1162,1163,1166,1171,1179,1188,1190,1192,1193,1193,1193,1192,1193,1195,1198,1203,1208,1214,1217,1218,1218,1217,1215,1212,1210,1212,1214,1219,1225,1231,1236,1240,1239,1236,1233,1231,1228,1225,1225,1229,1234,1241,1247
"Maryland","State","2br",1369,1374,1378,1383,1389,1393,1398,1400,1400,1400,1399,1400,1401,1404,1411,1420,1431,1433,1436,1437,1437,1437,1436,1437,1440,1444,1449,1456,1462,1466,1468,1468,1466,1463,1461,1458,1460,1463,1469,1476,1483,1489,1494,1493,1489,1485,1483,1479,1476,1475,1480,1486,1495,1502
"Maryland","State","3br",1785,1791,1796,1803,1810,1816,1823,1825,1825,1824,1824,1825,1827,1831,1839,1851,1865,1868,1872,1873,1873,1874,1872,1874,1877,1882,1889,1897,1906,1911,1913,1913,1912,1908,1904,1901,1903,1907,1915,1924,1933,1941,1947,1946,1941,1936,1933,1928,1925,1923,1930,1937,1949,1958
"Maryland","State","4br",2161,2168,2174,2182,2191,2199,2207,2209,2210,2208,2208,2210,2211,2216,2226,2241,2257,2261,2266,2268,2267,2268,2266,2268,2272,2278,2287,2297,2307,2314,2316,2316,2314,2309,2305,2300,2303,2308,2318,2328,2340,2350,2357,2355,2349,2344,2340,2334,2329,2328,2336,2345,2359,2370
"Massachusetts","State","Studio",985,986,990,996,1002,1010,1022,1033,1030,1024,1019,1017,1015,1016,1020,1030,1039,1045,1051,1053,1055,1055,1056,1055,1054,1054,1058,1064,1070,1072,1082,1091,1104,1098,1089,1081,1077,1079,1087,1099,1112,1122,1126,1128,1123,1116,1106,1101,1101,1108,1115,1122,1130,1137
"Massachusetts","State","1br",1128,1129,1134,1141,1147,1157,1170,1183,1180,1173,1167,1164,1162,1164,1169,1179,1190,1197,1203,1206,1208,1209,1209,1208,1207,1207,1211,1219,1225,1228,1239,1250,1264,1258,1248,1238,1233,1236,1245,1258,1273,1284,1290,1291,1287,1278,1267,1261,1261,1269,1276,1285,1295,1302
"Massachusetts","State","2br",1402,1404,1409,1418,1426,1438,1454,1470,1466,1458,1451,1447,1445,1447,1453,1466,1480,1487,1496,1499,1502,1502,1503,1501,1500,1500,1505,1515,1523,1527,1540,1553,1571,1564,1551,1538,1532,1536,1547,1564,1582,1596,1603,1605,1599,1588,1575,1567,1567,1577,1587,1598,1609,1619
"Massachusetts","State","3br",1760,1762,1770,1780,1790,1805,1826,1845,1841,1831,1821,1817,1814,1816,1824,1840,1858,1867,1878,1883,1886,1886,1887,1885,1883,1884,1890,1902,1912,1917,1934,1950,1972,1963,1947,1931,1924,1928,1942,1964,1986,2004,2013,2015,2008,1994,1977,1968,1967,1980,1992,2006,2020,2032
"Massachusetts","State","4br",1956,1959,1967,1979,1990,2007,2030,2051,2046,2035,2025,2020,2016,2019,2027,2046,2065,2076,2087,2093,2096,2096,2097,2095,2094,2094,2101,2114,2125,2131,2150,2168,2192,2182,2164,2147,2139,2144,2159,2183,2208,2228,2238,2240,2232,2216,2198,2188,2187,2201,2214,2230,2246,2259
"Michigan","State","Studio",549,550,551,553,555,556,558,558,558,558,559,560,560,560,561,562,565,566,568,569,569,570,572,574,574,575,576,578,580,581,583,584,585,586,587,587,588,589,591,594,596,597,598,599,599,600,601,602,602,602,602,602,604,606
"Michigan","State","1br",650,651,653,655,657,658,661,661,662,661,663,664,663,664,665,666,669,670,673,674,675,676,678,679,680,681,682,685,687,688,690,692,693,695,695,696,696,698,701,703,705,707,708,709,710,711,712,713,713,713,713,714,716,718
"Michigan","State","2br",832,833,835,838,840,842,846,846,846,846,848,849,849,849,850,852,856,857,861,862,863,864,867,869,870,871,873,876,879,881,883,885,887,889,890,890,891,893,896,900,903,905,906,908,908,910,911,912,912,912,912,913,916,918
"Michigan","State","3br",1114,1117,1119,1122,1126,1129,1134,1133,1134,1134,1136,1137,1137,1138,1139,1142,1146,1149,1153,1155,1156,1158,1161,1165,1166,1167,1170,1174,1178,1180,1184,1186,1189,1191,1192,1193,1194,1197,1201,1205,1209,1213,1214,1216,1217,1219,1220,1221,1223,1221,1222,1223,1227,1230
"Michigan","State","4br",1226,1229,1231,1235,1239,1242,1247,1247,1248,1247,1250,1252,1252,1252,1254,1257,1261,1264,1269,1271,1272,1274,1278,1282,1283,1285,1287,1292,1296,1299,1302,1305,1308,1310,1312,1312,1314,1317,1321,1327,1331,1334,1336,1338,1339,1342,1343,1344,1345,1344,1344,1346,1350,1354
"Minnesota","State","Studio",608,609,610,612,614,616,619,621,621,622,623,624,624,625,629,632,635,636,638,640,642,642,642,641,642,644,648,652,656,659,662,662,663,663,663,664,665,668,673,678,680,682,685,687,687,685,684,685,686,688,690,692,694,696
"Minnesota","State","1br",738,739,741,743,746,748,751,753,754,755,756,757,758,759,763,768,771,772,775,777,779,779,779,779,779,782,787,792,797,800,804,804,805,805,805,806,807,811,817,823,826,828,831,834,834,832,831,832,833,836,838,840,843,846
"Minnesota","State","2br",938,940,942,945,948,951,955,958,959,960,962,963,963,965,970,976,980,981,985,988,991,991,991,990,991,995,1000,1007,1013,1017,1021,1022,1023,1023,1024,1025,1026,1032,1039,1046,1050,1052,1057,1060,1060,1058,1056,1057,1060,1063,1065,1068,1072,1075
"Minnesota","State","3br",1302,1305,1308,1312,1316,1321,1326,1330,1331,1333,1335,1337,1337,1340,1347,1355,1360,1362,1367,1372,1375,1376,1375,1374,1376,1381,1389,1398,1406,1413,1418,1419,1420,1420,1421,1423,1425,1432,1442,1452,1457,1461,1467,1471,1472,1469,1466,1468,1471,1475,1479,1482,1488,1492
"Minnesota","State","4br",1524,1527,1530,1535,1540,1546,1552,1556,1558,1560,1562,1564,1565,1568,1576,1585,1592,1594,1600,1605,1609,1610,1609,1608,1610,1616,1625,1636,1646,1653,1660,1661,1662,1662,1663,1665,1667,1676,1687,1699,1705,1710,1717,1722,1723,1719,1716,1717,1721,1726,1731,1735,1742,1746
"Mississippi","State","Studio",544,545,545,546,548,549,550,550,550,551,551,552,552,553,553,555,555,556,557,558,559,560,561,561,559,560,561,563,565,566,566,565,563,563,563,563,563,564,567,569,571,573,573,571,571,574,577,577,577,577,577,579,583,585
"Mississippi","State","1br",618,619,619,620,622,624,625,625,625,626,626,627,627,628,628,630,631,632,632,633,635,636,637,637,635,636,637,640,642,643,643,642,640,639,639,640,640,641,644,646,649,651,651,649,649,652,655,656,656,655,656,658,662,665
"Mississippi","State","2br",754,754,755,756,758,760,761,762,762,763,763,764,764,765,766,768,769,770,771,772,774,775,777,777,774,775,776,780,783,783,784,782,780,779,779,780,779,781,785,788,791,793,794,791,791,795,799,799,799,798,799,802,807,810
"Mississippi","State","3br",995,996,996,998,1001,1003,1005,1006,1006,1007,1008,1009,1009,1011,1011,1014,1015,1017,1017,1019,1021,1024,1025,1026,1022,1023,1025,1030,1034,1034,1035,1032,1029,1028,1029,1029,1029,1032,1036,1040,1044,1047,1048,1044,1045,1049,1054,1056,1055,1054,1055,1059,1066,1070
"Mississippi","State","4br",1126,1126,1127,1129,1132,1135,1137,1138,1138,1139,1140,1141,1141,1143,1143,1147,1148,1150,1151,1153,1155,1158,1160,1160,1156,1157,1159,1165,1169,1170,1171,1168,1164,1163,1163,1164,1164,1167,1172,1176,1181,1184,1185,1180,1181,1186,1192,1194,1193,1192,1193,1198,1206,1210
"Missouri","State","Studio",534,535,536,538,539,541,543,544,544,544,544,545,545,546,546,548,550,552,554,554,554,555,556,557,557,559,561,561,561,561,563,564,567,570,573,572,570,568,568,570,572,574,575,574,573,573,574,573,573,572,573,573,574,575
"Missouri","State","1br",615,616,618,620,622,623,626,627,627,627,628,628,628,629,630,631,634,636,638,639,639,640,641,642,642,644,647,647,647,647,649,650,653,657,661,660,657,655,655,657,660,662,662,662,661,661,661,661,661,660,660,661,662,663
"Missouri","State","2br",787,788,790,793,795,797,800,802,802,802,803,804,804,805,805,808,811,813,816,817,818,818,820,821,822,824,827,827,828,828,830,831,836,841,846,844,841,837,838,841,844,847,847,847,846,845,846,846,845,844,844,845,847,848
"Missouri","State","3br",1063,1065,1067,1071,1074,1077,1081,1083,1084,1084,1084,1085,1086,1087,1088,1091,1096,1099,1103,1103,1104,1105,1108,1109,1110,1113,1117,1118,1118,1118,1121,1123,1129,1136,1142,1140,1136,1131,1132,1136,1140,1143,1144,1144,1142,1142,1142,1142,1142,1140,1141,1142,1144,1146
"Missouri","State","4br",1219,1221,1224,1228,1232,1235,1240,1243,1243,1243,1244,1245,1246,1247,1248,1252,1257,1260,1265,1266,1267,1268,1271,1272,1273,1276,1282,1282,1283,1283,1286,1288,1295,1303,1310,1308,1303,1298,1299,1303,1307,1312,1313,1312,1310,1310,1311,1310,1310,1308,1308,1310,1313,1314
"Montana","State","Studio",530,529,528,528,531,533,536,538,538,538,538,538,537,535,534,534,534,534,535,535,535,534,534,534,530,526,525,530,536,541,543,544,542,541,540,539,539,541,543,547,551,554,555,555,554,554,553,552,551,553,553,552,551,550
"Montana","State","1br",591,589,588,588,592,594,598,599,599,600,600,600,598,597,596,595,595,595,596,597,596,595,595,596,591,586,585,591,597,603,606,606,604,604,602,601,601,603,606,610,614,618,619,619,618,618,616,615,614,616,616,615,614,613
"Montana","State","2br",750,748,747,747,751,754,759,761,761,761,761,762,760,758,756,756,756,755,757,757,757,756,756,756,750,744,743,750,759,766,769,769,767,766,765,763,763,766,769,775,779,785,786,786,785,784,782,781,780,783,783,781,780,778
"Montana","State","3br",1047,1044,1042,1042,1048,1052,1059,1062,1062,1062,1062,1063,1060,1057,1055,1054,1055,1054,1057,1057,1057,1054,1055,1055,1046,1039,1037,1047,1058,1068,1073,1073,1070,1069,1067,1065,1065,1068,1073,1081,1087,1095,1096,1096,1095,1094,1091,1090,1089,1092,1092,1090,1088,1086
"Montana","State","4br",1250,1247,1245,1244,1251,1256,1264,1268,1268,1268,1269,1270,1266,1262,1260,1259,1259,1258,1262,1262,1262,1259,1260,1260,1249,1240,1238,1250,1264,1276,1281,1282,1278,1277,1275,1272,1272,1276,1282,1291,1299,1307,1309,1309,1307,1307,1303,1302,1300,1304,1304,1301,1299,1297
"Nebraska","State","Studio",497,496,497,499,500,502,503,503,503,503,503,504,504,506,506,506,506,509,511,514,515,516,515,515,515,515,515,517,520,522,523,522,521,521,522,522,521,522,524,526,529,532,534,534,532,530,528,527,528,528,529,529,531,531
"Nebraska","State","1br",606,605,606,608,610,612,613,614,614,613,613,614,615,617,617,618,617,620,623,626,628,629,628,628,628,628,628,631,634,636,638,637,636,636,637,636,635,636,638,641,645,649,651,652,649,647,644,643,643,644,645,646,647,648
"Nebraska","State","2br",775,774,776,778,780,782,784,785,785,785,785,785,787,789,789,790,790,793,797,801,803,804,803,804,803,804,804,807,811,814,816,815,813,813,814,814,813,814,817,821,825,830,833,834,830,827,823,823,823,824,825,826,828,829
"Nebraska","State","3br",1042,1042,1044,1047,1050,1052,1055,1056,1056,1056,1056,1057,1059,1061,1062,1063,1062,1067,1072,1078,1081,1082,1081,1081,1081,1081,1082,1085,1090,1095,1098,1096,1094,1094,1095,1095,1093,1095,1099,1104,1110,1117,1121,1122,1117,1113,1108,1107,1107,1109,1110,1111,1114,1115
"Nebraska","State","4br",1172,1172,1174,1178,1181,1184,1186,1188,1188,1187,1187,1189,1191,1194,1194,1196,1195,1200,1206,1212,1216,1217,1216,1216,1216,1216,1217,1221,1227,1232,1235,1233,1231,1231,1232,1232,1230,1232,1236,1242,1249,1256,1261,1262,1257,1252,1246,1245,1246,1247,1249,1250,1253,1254
"Nevada","State","Studio",602,604,606,608,610,612,616,618,619,620,622,624,624,625,625,628,628,629,632,634,635,637,642,646,645,643,642,649,654,658,662,664,665,666,666,667,669,673,677,682,684,688,692,697,699,699,697,698,701,703,705,707,711,714
"Nevada","State","1br",733,735,737,740,743,746,750,752,754,755,758,760,760,761,761,764,765,766,770,772,773,776,782,787,785,783,782,790,796,801,806,808,810,811,812,813,815,819,824,830,833,838,843,849,851,851,849,850,854,856,859,861,866,870
"Nevada","State","2br",920,923,926,929,933,936,941,944,947,948,951,953,954,955,956,959,960,962,967,969,971,974,981,988,985,983,981,991,1000,1005,1012,1015,1017,1018,1019,1020,1023,1028,1034,1042,1046,1052,1058,1065,1069,1068,1066,1067,1072,1075,1078,1081,1087,1092
"Nevada","State","3br",1335,1340,1344,1349,1354,1359,1366,1371,1375,1376,1381,1384,1385,1387,1388,1393,1394,1396,1404,1407,1409,1414,1425,1434,1430,1427,1425,1439,1451,1460,1469,1473,1477,1478,1479,1481,1485,1493,1502,1513,1519,1527,1536,1547,1552,1551,1548,1549,1556,1561,1566,1569,1577,1585
"Nevada","State","4br",1606,1612,1617,1623,1629,1635,1644,1649,1654,1656,1661,1665,1666,1668,1670,1676,1677,1680,1689,1692,1695,1701,1714,1726,1721,1717,1714,1732,1746,1756,1768,1772,1777,1778,1779,1782,1786,1796,1807,1820,1827,1837,1848,1861,1867,1865,1862,1864,1872,1878,1884,1888,1898,1907
"New Hampshire","State","Studio",779,779,782,787,792,796,800,803,803,803,803,803,805,806,807,810,817,819,827,832,838,844,851,857,858,856,855,857,863,866,870,873,876,876,876,877,879,881,882,885,888,890,890,891,891,893,894,897,900,900,899,899,905,909
"New Hampshire","State","1br",875,875,878,883,889,894,899,901,902,902,902,902,904,905,906,910,917,920,929,935,941,948,956,962,964,961,960,963,969,972,977,981,984,984,984,985,987,989,990,993,997,999,1000,1000,1001,1002,1004,1007,1011,1011,1010,1010,1016,1021
"New Hampshire","State","2br",1116,1116,1120,1127,1134,1140,1146,1150,1150,1150,1150,1151,1153,1154,1156,1160,1170,1174,1185,1192,1200,1209,1219,1227,1229,1226,1224,1228,1236,1240,1246,1251,1255,1255,1255,1257,1259,1262,1263,1267,1271,1275,1275,1276,1277,1279,1280,1285,1290,1290,1288,1288,1296,1303
"New Hampshire","State","3br",1468,1469,1474,1482,1492,1500,1508,1513,1513,1513,1514,1514,1517,1519,1521,1527,1539,1544,1559,1569,1579,1590,1604,1615,1617,1613,1611,1616,1626,1632,1640,1646,1651,1651,1651,1654,1656,1660,1662,1667,1673,1677,1678,1679,1680,1682,1685,1690,1697,1697,1695,1695,1705,1714
"New Hampshire","State","4br",1643,1643,1649,1658,1669,1678,1687,1692,1693,1693,1693,1694,1697,1699,1701,1708,1722,1727,1744,1755,1766,1779,1794,1807,1809,1804,1802,1808,1819,1825,1834,1841,1846,1847,1847,1850,1853,1857,1859,1865,1871,1876,1877,1878,1879,1882,1884,1891,1898,1898,1896,1896,1907,1917
"New Jersey","State","Studio",979,981,984,988,992,996,1000,1003,1003,1003,1003,1004,1006,1008,1011,1017,1028,1030,1033,1033,1033,1033,1033,1033,1032,1033,1039,1048,1055,1058,1061,1059,1059,1060,1060,1058,1058,1062,1066,1072,1078,1083,1085,1084,1082,1078,1075,1074,1074,1076,1079,1083,1088,1091
"New Jersey","State","1br",1122,1124,1127,1132,1137,1142,1146,1149,1150,1149,1150,1151,1153,1155,1159,1166,1178,1181,1184,1184,1184,1184,1184,1183,1182,1184,1191,1201,1209,1213,1216,1214,1214,1215,1215,1213,1213,1217,1222,1228,1236,1241,1244,1242,1240,1236,1232,1231,1231,1234,1237,1242,1247,1251
"New Jersey","State","2br",1376,1380,1384,1390,1395,1402,1407,1410,1411,1410,1411,1412,1414,1417,1422,1431,1445,1449,1453,1453,1453,1452,1452,1452,1451,1453,1462,1474,1483,1488,1492,1490,1490,1491,1491,1489,1489,1493,1500,1508,1517,1524,1526,1525,1521,1517,1512,1511,1511,1514,1518,1524,1530,1535
"New Jersey","State","3br",1779,1784,1789,1796,1804,1812,1819,1823,1824,1823,1824,1826,1829,1832,1838,1850,1869,1873,1878,1879,1878,1878,1878,1878,1876,1879,1889,1905,1918,1924,1929,1926,1926,1928,1927,1924,1924,1930,1939,1949,1961,1970,1973,1971,1967,1961,1955,1954,1953,1957,1962,1970,1978,1985
"New Jersey","State","4br",2055,2060,2065,2074,2083,2092,2100,2105,2106,2105,2106,2108,2111,2116,2123,2136,2158,2163,2169,2170,2168,2168,2168,2168,2166,2169,2182,2200,2214,2222,2227,2224,2223,2226,2225,2222,2222,2229,2239,2250,2264,2274,2278,2276,2271,2264,2258,2256,2255,2260,2266,2275,2284,2292
"New Mexico","State","Studio",538,537,538,538,539,539,541,541,541,541,541,541,540,540,539,538,536,539,543,544,543,541,541,544,543,541,540,544,548,550,552,552,552,552,552,551,550,551,553,557,560,563,566,567,568,567,566,563,563,565,567,567,567,567
"New Mexico","State","1br",631,630,631,631,632,632,634,635,635,634,634,634,633,633,632,631,629,633,637,638,636,634,635,638,637,635,633,637,643,645,647,647,648,648,647,646,645,647,649,653,656,661,663,665,666,665,663,661,660,663,665,664,664,665
"New Mexico","State","2br",776,775,776,777,777,778,780,781,781,780,780,781,779,779,777,776,774,778,784,785,783,780,781,785,783,781,779,784,791,794,796,796,797,797,796,795,794,796,798,803,807,813,816,818,819,818,816,813,812,815,818,817,818,818
"New Mexico","State","3br",1083,1081,1082,1083,1084,1085,1088,1089,1089,1088,1088,1089,1087,1086,1084,1082,1079,1086,1093,1095,1092,1088,1090,1095,1093,1090,1087,1094,1103,1108,1111,1111,1111,1112,1110,1109,1107,1110,1113,1120,1126,1134,1139,1141,1142,1141,1138,1134,1133,1137,1141,1140,1140,1141
"New Mexico","State","4br",1282,1280,1281,1282,1283,1284,1288,1289,1289,1288,1288,1289,1287,1286,1283,1281,1278,1285,1294,1296,1293,1288,1290,1296,1294,1290,1287,1295,1305,1311,1315,1315,1316,1316,1314,1312,1311,1313,1318,1326,1333,1342,1348,1351,1352,1350,1347,1342,1341,1346,1350,1350,1350,1350
"New York","State","Studio",1080,1081,1082,1085,1090,1095,1101,1104,1105,1105,1105,1105,1103,1104,1107,1111,1115,1119,1126,1129,1129,1126,1123,1120,1118,1117,1120,1120,1121,1122,1126,1130,1139,1138,1136,1132,1130,1132,1135,1140,1144,1148,1151,1153,1153,1152,1149,1145,1140,1141,1142,1145,1151,1157
"New York","State","1br",1193,1194,1196,1199,1204,1210,1217,1220,1221,1221,1221,1221,1219,1220,1223,1227,1232,1236,1244,1247,1247,1244,1241,1237,1235,1235,1238,1238,1239,1239,1244,1249,1258,1258,1255,1251,1249,1251,1254,1260,1264,1269,1272,1274,1274,1273,1270,1265,1260,1260,1262,1265,1272,1278
"New York","State","2br",1420,1421,1423,1427,1433,1440,1448,1452,1454,1454,1454,1453,1451,1452,1455,1461,1466,1471,1480,1485,1484,1481,1477,1473,1470,1470,1473,1473,1475,1475,1481,1487,1498,1497,1493,1489,1486,1489,1493,1500,1504,1510,1514,1517,1516,1515,1511,1506,1499,1500,1502,1506,1514,1521
"New York","State","3br",1825,1826,1829,1834,1842,1850,1861,1866,1868,1868,1868,1867,1865,1866,1870,1877,1884,1891,1902,1908,1907,1903,1899,1893,1889,1889,1893,1893,1895,1896,1903,1911,1925,1924,1919,1914,1910,1913,1919,1927,1933,1941,1946,1949,1949,1947,1942,1935,1927,1928,1931,1936,1946,1955
"New York","State","4br",2010,2011,2014,2020,2028,2037,2049,2055,2057,2057,2057,2056,2054,2055,2059,2067,2075,2082,2095,2101,2100,2095,2091,2084,2080,2080,2085,2085,2087,2088,2095,2104,2119,2118,2113,2107,2103,2107,2113,2122,2129,2137,2143,2146,2146,2144,2139,2131,2122,2123,2126,2131,2142,2153
"North Carolina","State","Studio",615,615,617,620,623,625,629,631,631,630,630,630,630,630,631,634,638,640,643,645,645,644,646,647,646,645,644,648,652,655,657,659,660,661,661,661,660,662,666,673,678,683,686,687,686,685,683,681,676,677,679,682,686,690
"North Carolina","State","1br",667,667,670,673,676,678,682,684,684,683,683,683,683,683,684,688,692,694,698,699,699,698,700,701,701,699,699,703,707,710,713,714,716,717,717,716,716,718,722,730,735,740,744,745,744,743,741,738,733,734,736,739,744,748
"North Carolina","State","2br",802,802,805,809,812,815,820,822,823,821,821,821,821,821,823,827,832,834,839,840,841,840,842,843,842,841,840,845,850,853,857,859,861,862,862,861,860,863,868,877,884,890,894,896,894,893,890,887,882,883,885,889,894,899
"North Carolina","State","3br",1079,1080,1083,1089,1093,1097,1104,1107,1107,1105,1105,1106,1105,1105,1108,1113,1120,1123,1129,1131,1132,1130,1133,1135,1134,1132,1131,1138,1144,1149,1153,1156,1158,1160,1160,1159,1158,1162,1169,1181,1190,1198,1204,1206,1204,1202,1198,1194,1187,1188,1192,1196,1203,1211
"North Carolina","State","4br",1302,1302,1307,1313,1319,1323,1331,1335,1335,1333,1333,1334,1333,1333,1336,1343,1351,1354,1362,1365,1365,1363,1366,1369,1367,1365,1364,1372,1380,1386,1391,1394,1397,1399,1399,1398,1397,1401,1409,1424,1435,1445,1452,1455,1452,1450,1445,1441,1431,1433,1437,1443,1451,1460
"North Dakota","State","Studio",600,603,606,608,608,608,607,607,607,607,608,609,608,606,602,600,599,596,593,581,574,568,569,570,568,562,555,551,550,551,552,553,552,554,555,556,557,557,557,558,558,559,559,559,557,555,555,556,558,555,554,554,555,557
"North Dakota","State","1br",657,661,664,666,667,666,665,665,665,666,666,668,667,664,660,658,657,654,650,637,629,623,624,625,623,615,608,604,602,604,605,606,605,607,608,610,611,611,611,611,612,612,613,612,611,609,609,610,611,608,607,607,609,610
"North Dakota","State","2br",845,851,855,857,858,857,856,855,855,856,857,859,858,855,849,846,845,841,836,820,809,801,802,804,801,792,782,777,775,777,778,780,779,781,783,784,786,786,786,786,787,788,788,788,786,783,783,784,786,782,781,781,783,785
"North Dakota","State","3br",1189,1196,1202,1205,1206,1205,1204,1203,1203,1204,1205,1208,1206,1202,1194,1190,1188,1182,1175,1153,1138,1126,1128,1130,1127,1113,1100,1092,1090,1093,1094,1097,1095,1098,1101,1103,1105,1105,1105,1106,1107,1108,1108,1108,1105,1101,1101,1103,1106,1099,1098,1098,1101,1104
"North Dakota","State","4br",1363,1371,1378,1382,1383,1382,1380,1379,1379,1380,1382,1385,1383,1378,1369,1365,1362,1356,1348,1322,1304,1291,1293,1296,1292,1276,1261,1253,1250,1253,1254,1258,1255,1259,1262,1265,1267,1267,1267,1268,1270,1270,1271,1270,1267,1262,1262,1264,1268,1261,1259,1259,1262,1266
"Ohio","State","Studio",516,517,518,520,521,523,524,525,525,525,525,526,526,527,528,530,534,535,536,536,536,536,538,540,540,541,542,544,546,547,548,549,550,551,551,552,553,555,557,559,562,564,565,565,565,565,566,566,564,563,564,566,568,569
"Ohio","State","1br",598,599,600,602,604,605,607,608,608,608,608,609,609,610,611,614,618,619,621,621,621,621,623,625,625,626,627,630,632,634,635,636,637,638,639,640,641,642,645,648,651,653,654,655,655,655,655,655,653,652,653,655,657,659
"Ohio","State","2br",768,769,771,773,776,778,780,781,782,781,782,782,783,784,786,789,794,795,798,798,798,798,800,803,804,805,806,809,812,814,816,817,818,819,821,822,823,825,828,832,836,839,840,841,841,841,842,842,839,838,839,842,845,847
"Ohio","State","3br",1018,1019,1021,1024,1027,1030,1034,1035,1036,1035,1035,1036,1037,1039,1041,1045,1052,1054,1057,1057,1057,1057,1060,1064,1065,1066,1068,1072,1076,1078,1081,1083,1084,1085,1087,1088,1090,1093,1097,1102,1107,1111,1113,1114,1114,1115,1115,1115,1111,1110,1112,1115,1119,1122
"Ohio","State","4br",1140,1142,1144,1147,1151,1154,1158,1159,1160,1160,1160,1161,1161,1163,1166,1171,1179,1180,1184,1184,1184,1185,1188,1192,1193,1194,1196,1201,1205,1208,1211,1213,1215,1216,1218,1219,1221,1225,1229,1235,1240,1245,1247,1248,1248,1249,1249,1249,1244,1244,1246,1249,1253,1257
"Oklahoma","State","Studio",514,514,514,514,516,517,519,519,520,520,521,522,523,523,523,524,525,526,527,527,525,524,526,527,525,524,522,526,528,528,529,528,528,527,527,528,528,529,529,530,529,530,531,532,532,530,529,529,529,529,529,529,531,532
"Oklahoma","State","1br",579,579,579,580,582,584,585,586,586,586,588,589,590,590,590,591,592,593,594,594,593,592,593,595,592,591,589,593,595,596,597,596,595,595,595,596,596,597,597,598,597,598,599,600,600,598,596,596,597,596,596,597,599,601
"Oklahoma","State","2br",744,744,744,745,747,749,752,752,753,753,755,757,757,757,758,759,760,761,763,763,761,760,761,764,760,758,757,762,764,765,766,765,764,764,764,765,765,766,766,768,767,767,769,771,770,768,766,766,766,766,766,767,769,771
"Oklahoma","State","3br",1009,1009,1009,1010,1013,1016,1019,1020,1020,1021,1024,1026,1026,1027,1027,1029,1031,1032,1035,1034,1032,1030,1032,1036,1031,1028,1026,1033,1037,1038,1039,1038,1036,1035,1036,1037,1037,1039,1039,1041,1040,1041,1043,1045,1045,1042,1038,1038,1039,1038,1038,1040,1043,1046
"Oklahoma","State","4br",1173,1173,1173,1175,1178,1182,1185,1186,1187,1187,1190,1193,1194,1194,1195,1197,1199,1200,1203,1203,1200,1198,1201,1205,1199,1196,1193,1201,1206,1207,1208,1207,1205,1204,1205,1206,1207,1208,1209,1210,1209,1210,1213,1216,1215,1212,1208,1207,1209,1208,1207,1209,1213,1216
"Oregon","State","Studio",721,722,725,730,734,738,743,747,750,751,755,758,760,763,765,773,784,788,798,807,815,821,826,829,832,837,842,848,853,856,861,865,868,867,867,866,869,873,878,882,886,890,892,893,892,889,884,879,874,880,883,881,880,880
"Oregon","State","1br",810,811,815,820,824,829,835,840,843,844,848,852,854,857,860,869,881,886,897,906,916,922,928,931,935,940,946,953,959,962,968,972,975,975,974,973,977,980,986,991,995,1000,1002,1004,1003,999,994,988,982,989,992,990,989,988
"Oregon","State","2br",993,995,1000,1006,1012,1017,1025,1030,1034,1035,1041,1045,1047,1051,1055,1066,1081,1087,1101,1112,1123,1131,1138,1143,1147,1153,1161,1169,1176,1180,1188,1192,1197,1196,1195,1194,1199,1203,1210,1215,1221,1226,1230,1232,1230,1225,1219,1212,1205,1213,1217,1215,1214,1213
"Oregon","State","3br",1440,1443,1450,1459,1467,1474,1486,1494,1499,1501,1509,1516,1519,1524,1530,1546,1567,1576,1596,1612,1629,1640,1651,1657,1663,1672,1684,1695,1706,1712,1722,1729,1735,1734,1733,1732,1738,1744,1754,1762,1771,1779,1783,1786,1784,1777,1768,1758,1748,1759,1765,1762,1760,1758
"Oregon","State","4br",1729,1732,1740,1751,1761,1770,1784,1794,1799,1802,1811,1819,1823,1830,1836,1855,1881,1891,1916,1935,1955,1969,1982,1989,1996,2008,2021,2035,2048,2055,2067,2075,2083,2082,2080,2079,2086,2094,2106,2116,2125,2135,2140,2144,2142,2133,2122,2110,2098,2112,2118,2115,2113,2111
"Pennsylvania","State","Studio",653,655,657,659,661,663,665,665,665,664,665,665,664,664,665,668,671,672,674,675,675,676,676,677,678,679,682,681,683,684,687,688,689,690,689,688,688,690,692,696,699,702,704,705,705,703,703,703,703,701,703,705,708,711
"Pennsylvania","State","1br",759,761,763,766,768,771,773,773,773,772,772,773,772,772,773,776,780,781,783,784,785,785,786,786,788,789,792,792,794,795,798,799,801,802,801,800,800,802,804,808,813,816,819,819,819,817,817,817,817,815,817,819,823,826
"Pennsylvania","State","2br",939,942,945,948,951,954,957,957,957,956,956,956,956,956,957,961,966,967,969,971,972,972,973,973,976,977,980,980,982,984,988,990,991,992,991,990,990,992,996,1001,1006,1011,1013,1014,1013,1012,1011,1011,1011,1009,1011,1014,1018,1022
"Pennsylvania","State","3br",1195,1199,1201,1206,1210,1214,1217,1218,1217,1215,1216,1216,1216,1216,1217,1222,1228,1230,1233,1235,1236,1237,1237,1238,1241,1243,1247,1246,1250,1251,1256,1259,1261,1262,1261,1260,1260,1262,1267,1273,1280,1285,1289,1290,1289,1287,1286,1286,1286,1283,1286,1289,1295,1300
"Pennsylvania","State","4br",1315,1319,1322,1327,1332,1336,1340,1340,1339,1338,1338,1339,1338,1338,1339,1345,1352,1354,1357,1359,1360,1361,1362,1363,1366,1368,1372,1372,1375,1377,1382,1385,1388,1389,1387,1386,1386,1389,1394,1401,1408,1415,1418,1420,1419,1416,1415,1415,1415,1412,1415,1419,1425,1431
"Rhode Island","State","Studio",745,747,749,753,756,759,765,767,769,767,768,766,764,764,766,772,786,796,805,811,817,822,825,817,812,810,822,811,808,805,811,819,829,833,830,827,821,822,827,837,850,859,865,858,853,849,851,848,846,838,840,842,846,849
"Rhode Island","State","1br",844,846,848,853,857,860,866,869,871,869,870,867,866,866,867,874,890,901,912,919,926,931,935,925,919,917,932,919,915,911,918,927,939,943,940,936,930,931,936,948,963,973,980,972,966,962,964,961,958,950,951,954,959,962
"Rhode Island","State","2br",1020,1023,1026,1032,1036,1041,1048,1052,1054,1051,1053,1049,1047,1047,1049,1057,1077,1090,1104,1112,1120,1126,1131,1119,1112,1110,1127,1112,1107,1103,1111,1122,1137,1141,1137,1133,1125,1126,1133,1147,1165,1177,1185,1176,1169,1163,1166,1163,1159,1149,1150,1154,1160,1164
"Rhode Island","State","3br",1294,1297,1301,1308,1314,1319,1329,1333,1336,1333,1335,1330,1328,1328,1330,1340,1366,1382,1399,1409,1420,1428,1434,1419,1410,1407,1429,1409,1403,1398,1409,1423,1441,1446,1442,1436,1426,1428,1436,1454,1478,1493,1502,1491,1482,1475,1478,1474,1470,1457,1459,1463,1471,1476
"Rhode Island","State","4br",1550,1554,1559,1567,1574,1581,1592,1598,1601,1597,1600,1594,1591,1591,1594,1606,1636,1656,1677,1689,1702,1711,1718,1700,1690,1686,1712,1689,1681,1675,1688,1705,1727,1733,1728,1721,1708,1711,1721,1743,1770,1789,1800,1786,1776,1767,1771,1766,1761,1745,1748,1753,1762,1768
"South Carolina","State","Studio",589,590,592,594,597,600,606,610,612,612,613,614,614,615,618,622,626,628,632,634,634,634,636,637,638,640,644,648,653,655,657,656,656,654,653,652,653,656,660,665,668,671,673,674,673,671,669,668,668,669,670,673,678,683
"South Carolina","State","1br",671,672,674,677,680,684,690,695,697,698,698,699,699,701,704,709,713,715,720,722,722,722,724,726,727,730,734,738,744,746,748,747,747,746,744,743,744,747,752,758,761,764,767,768,766,765,762,761,761,762,763,766,773,778
"South Carolina","State","2br",805,806,808,812,816,820,828,833,836,837,837,839,838,840,844,850,855,858,863,866,866,866,868,871,872,875,880,886,892,895,898,896,896,894,893,891,892,896,902,909,912,917,919,921,919,917,914,913,913,914,915,919,927,933
"South Carolina","State","3br",1070,1072,1074,1079,1084,1090,1101,1107,1111,1112,1113,1115,1114,1117,1122,1130,1136,1140,1147,1151,1152,1151,1154,1158,1159,1163,1169,1177,1186,1189,1193,1191,1190,1188,1186,1185,1185,1191,1199,1208,1212,1218,1222,1225,1222,1219,1215,1213,1213,1215,1217,1221,1232,1240
"South Carolina","State","4br",1290,1292,1295,1301,1307,1314,1327,1335,1340,1341,1342,1344,1344,1347,1352,1362,1370,1374,1383,1388,1388,1388,1392,1396,1398,1402,1410,1419,1430,1433,1438,1436,1435,1433,1430,1428,1429,1435,1445,1456,1462,1469,1473,1477,1473,1469,1465,1463,1462,1464,1467,1472,1485,1495
"South Dakota","State","Studio",487,487,487,487,487,489,488,487,486,486,484,482,480,480,480,481,481,479,477,474,474,474,473,472,471,474,478,477,475,474,475,475,476,476,478,479,479,479,479,481,483,485,485,485,485,485,485,484,484,485,486,486,487,487
"South Dakota","State","1br",565,565,565,565,566,567,566,566,564,564,562,559,557,557,557,558,558,556,554,550,550,550,549,547,547,550,554,553,552,550,551,551,552,553,554,555,555,556,556,558,561,563,563,562,563,563,563,561,561,562,564,564,565,565
"South Dakota","State","2br",723,723,723,724,724,725,724,724,722,722,719,715,713,712,713,714,714,711,709,705,704,704,703,700,699,704,710,708,706,704,705,706,706,707,709,711,711,711,711,714,718,720,721,720,720,721,721,718,718,720,721,722,722,723
"South Dakota","State","3br",987,987,987,988,988,990,988,988,986,985,981,976,973,972,973,975,975,970,967,962,961,961,960,956,955,961,968,967,964,961,962,963,964,965,968,970,970,970,971,975,980,983,984,982,983,984,983,980,980,982,985,985,986,987
"South Dakota","State","4br",1121,1121,1121,1122,1122,1124,1122,1122,1120,1119,1114,1108,1105,1104,1105,1107,1107,1102,1099,1092,1091,1092,1090,1086,1084,1091,1100,1098,1094,1092,1093,1094,1095,1096,1100,1102,1102,1102,1103,1107,1113,1117,1117,1116,1117,1117,1117,1114,1113,1116,1118,1119,1120,1121
"Tennessee","State","Studio",553,554,555,556,558,560,562,563,564,564,564,564,564,565,567,569,573,575,578,580,580,580,580,581,581,581,580,584,587,590,592,594,596,597,596,596,596,596,597,600,602,606,608,610,610,608,607,606,606,606,607,609,612,614
"Tennessee","State","1br",625,626,627,629,631,632,635,636,637,637,637,637,638,639,641,643,647,649,653,655,656,655,656,657,656,656,656,660,664,666,669,671,673,674,674,673,673,674,675,678,681,685,687,689,689,688,685,685,685,685,686,688,692,694
"Tennessee","State","2br",772,773,774,777,779,781,784,786,787,787,787,787,788,789,791,795,800,802,807,809,810,809,810,811,810,810,810,815,820,823,827,829,831,833,832,832,831,832,834,837,841,846,848,851,851,849,847,846,846,846,848,850,854,857
"Tennessee","State","3br",1030,1030,1032,1035,1038,1041,1045,1048,1049,1049,1049,1049,1050,1052,1055,1059,1066,1069,1076,1079,1079,1078,1079,1081,1080,1080,1080,1086,1093,1097,1102,1105,1108,1110,1109,1109,1108,1110,1111,1116,1121,1127,1131,1135,1134,1132,1129,1127,1128,1128,1130,1133,1139,1143
"Tennessee","State","4br",1212,1213,1215,1219,1223,1226,1230,1233,1235,1235,1235,1236,1236,1238,1242,1247,1255,1258,1267,1270,1271,1270,1271,1273,1272,1272,1271,1279,1286,1292,1298,1301,1305,1307,1306,1305,1305,1306,1308,1314,1320,1327,1332,1336,1335,1333,1329,1327,1328,1328,1330,1334,1341,1346
"Texas","State","Studio",646,649,651,654,658,662,666,669,671,672,674,674,675,676,677,680,683,685,687,690,691,693,696,698,699,700,702,703,705,706,708,708,708,708,706,705,705,706,708,711,713,716,718,719,720,722,723,723,722,722,723,724,728,731
"Texas","State","1br",746,749,752,755,759,764,768,772,775,776,778,778,779,780,782,785,788,791,793,796,798,801,803,806,807,809,810,812,814,815,817,818,818,817,815,814,813,815,817,820,823,826,829,830,831,833,835,835,833,833,834,836,840,843
"Texas","State","2br",927,931,934,939,944,949,955,960,963,965,967,968,968,970,972,976,980,983,986,990,992,995,999,1002,1004,1005,1007,1009,1012,1014,1016,1017,1017,1015,1014,1012,1011,1013,1016,1020,1024,1027,1031,1032,1033,1036,1038,1038,1036,1036,1037,1040,1044,1049
"Texas","State","3br",1251,1256,1261,1267,1274,1281,1289,1295,1300,1302,1304,1306,1307,1308,1312,1317,1323,1327,1331,1335,1339,1343,1348,1351,1354,1357,1359,1362,1366,1368,1371,1372,1372,1370,1368,1366,1365,1367,1371,1376,1381,1386,1391,1392,1395,1397,1400,1400,1398,1398,1399,1403,1409,1415
"Texas","State","4br",1543,1549,1554,1562,1571,1579,1589,1596,1602,1605,1608,1610,1611,1613,1617,1623,1631,1636,1641,1646,1650,1656,1662,1666,1670,1672,1675,1679,1684,1686,1690,1691,1691,1689,1687,1684,1682,1685,1690,1697,1703,1709,1715,1717,1719,1723,1726,1726,1724,1723,1725,1730,1737,1744
"Utah","State","Studio",573,573,573,573,575,577,578,579,580,581,584,585,584,584,583,585,587,588,592,595,597,598,600,602,603,603,605,608,612,615,618,619,620,622,624,625,625,627,629,633,636,639,643,646,649,650,651,652,653,653,654,655,658,660
"Utah","State","1br",690,690,690,691,693,695,697,697,699,700,703,705,704,703,703,704,707,708,713,716,719,720,723,725,726,726,729,733,738,741,744,746,747,749,751,752,753,755,757,762,766,770,775,778,782,783,785,786,787,787,788,790,793,795
"Utah","State","2br",854,853,853,854,857,859,862,862,864,866,870,871,870,870,869,871,874,876,882,886,889,890,894,897,898,899,901,906,912,917,920,922,924,927,929,931,931,933,937,942,947,953,958,962,967,969,970,972,973,973,974,976,981,983
"Utah","State","3br",1225,1224,1224,1226,1230,1233,1237,1237,1240,1243,1248,1251,1249,1248,1247,1250,1254,1258,1266,1271,1276,1278,1283,1287,1288,1290,1294,1301,1309,1316,1321,1323,1326,1330,1334,1336,1336,1340,1344,1353,1360,1367,1375,1381,1388,1390,1393,1395,1397,1397,1398,1401,1408,1411
"Utah","State","4br",1429,1428,1428,1430,1435,1439,1443,1443,1447,1450,1456,1459,1457,1456,1455,1459,1463,1467,1477,1483,1488,1491,1497,1501,1503,1504,1509,1517,1527,1535,1541,1544,1547,1552,1556,1558,1559,1563,1568,1578,1586,1595,1604,1611,1619,1622,1625,1627,1629,1630,1631,1635,1642,1646
"Vermont","State","Studio",793,794,794,796,798,801,,,,,,,,,,,,,,839,838,,,,,846,845,848,850,851,850,848,848,850,852,853,850,846,840,841,845,850,851,850,849,845,849,851,864,862,859,861,864,868
"Vermont","State","1br",892,893,893,895,898,900,,,,,,,,,,,,,,944,943,,,,,951,950,954,956,957,956,953,954,956,958,959,956,951,945,946,950,956,957,956,955,951,955,957,971,969,966,968,971,977
"Vermont","State","2br",1125,1126,1127,1130,1133,1136,,,,,,,,,,,,,,1191,1190,,,,,1201,1199,1204,1206,1207,1207,1203,1204,1206,1209,1210,1206,1201,1192,1194,1199,1207,1208,1206,1205,1200,1205,1208,1226,1223,1220,1222,1226,1232
"Vermont","State","3br",1488,1490,1490,1494,1498,1503,,,,,,,,,,,,,,1575,1573,,,,,1588,1586,1592,1595,1597,1596,1591,1592,1595,1599,1601,1595,1588,1577,1579,1586,1596,1597,1595,1594,1586,1593,1597,1621,1618,1613,1616,1621,1630
"Vermont","State","4br",1635,1637,1638,1642,1647,1651,,,,,,,,,,,,,,1731,1729,,,,,1745,1743,1749,1753,1755,1754,1749,1749,1753,1757,1759,1753,1745,1733,1735,1743,1754,1755,1753,1752,1743,1751,1755,1781,1778,1772,1776,1782,1791
"Virginia","State","Studio",916,918,922,927,931,935,938,939,937,934,932,932,932,932,933,936,941,945,950,952,951,950,949,949,949,951,955,959,965,970,976,977,976,972,966,961,960,963,969,976,982,988,992,992,987,981,978,975,974,977,981,985,990,995
"Virginia","State","1br",965,968,971,977,981,985,989,990,988,985,983,982,982,983,984,987,992,996,1001,1003,1003,1001,1000,1000,1001,1003,1007,1011,1017,1022,1028,1030,1029,1024,1018,1013,1011,1015,1022,1029,1035,1041,1046,1045,1040,1034,1031,1028,1027,1029,1034,1038,1044,1049
"Virginia","State","2br",1139,1142,1147,1153,1158,1163,1167,1168,1166,1162,1160,1159,1159,1160,1161,1165,1171,1176,1181,1184,1183,1182,1180,1180,1181,1184,1188,1193,1200,1206,1214,1216,1214,1209,1202,1196,1194,1198,1206,1215,1221,1229,1234,1234,1227,1221,1216,1213,1212,1215,1220,1225,1232,1238
"Virginia","State","3br",1525,1530,1535,1544,1551,1557,1562,1564,1561,1556,1553,1553,1552,1553,1555,1559,1567,1574,1582,1586,1585,1583,1581,1580,1582,1585,1591,1598,1608,1616,1625,1628,1626,1619,1609,1601,1599,1605,1615,1626,1635,1646,1653,1652,1644,1635,1629,1625,1623,1627,1634,1641,1650,1658
"Virginia","State","4br",1867,1873,1880,1890,1898,1906,1913,1915,1911,1905,1901,1901,1900,1902,1904,1909,1919,1927,1937,1941,1940,1937,1935,1935,1936,1940,1948,1956,1968,1978,1989,1993,1990,1982,1970,1960,1957,1965,1977,1991,2002,2015,2023,2023,2012,2002,1994,1989,1987,1992,2000,2009,2020,2029
"Washington","State","Studio",804,807,810,816,822,828,834,838,839,838,840,842,845,848,853,861,874,880,890,896,898,899,900,902,907,916,926,934,943,949,958,962,964,962,959,957,957,963,972,983,992,1002,1009,1012,1010,1005,998,992,989,997,1003,1005,1008,1010
"Washington","State","1br",923,925,929,936,943,950,957,961,962,962,963,966,969,973,979,988,1003,1010,1021,1027,1030,1031,1032,1035,1041,1050,1062,1072,1081,1089,1099,1104,1106,1104,1101,1098,1098,1105,1116,1127,1138,1149,1158,1161,1158,1153,1145,1138,1135,1144,1151,1153,1156,1159
"Washington","State","2br",1156,1160,1165,1173,1181,1190,1199,1204,1206,1205,1207,1210,1214,1220,1227,1238,1257,1265,1279,1288,1291,1292,1293,1297,1304,1316,1331,1343,1355,1364,1377,1383,1385,1384,1379,1376,1377,1385,1398,1413,1427,1440,1451,1455,1452,1445,1435,1426,1423,1434,1442,1444,1449,1453
"Washington","State","3br",1665,1670,1677,1689,1701,1714,1726,1734,1736,1735,1738,1742,1748,1756,1766,1782,1809,1822,1842,1854,1859,1860,1862,1867,1878,1895,1917,1934,1951,1964,1983,1992,1995,1992,1986,1981,1982,1994,2013,2034,2054,2074,2089,2095,2090,2080,2066,2054,2048,2064,2077,2080,2087,2092
"Washington","State","4br",1972,1978,1987,2000,2015,2030,2045,2054,2056,2056,2059,2064,2071,2080,2092,2111,2143,2158,2182,2196,2202,2204,2206,2212,2224,2245,2271,2291,2311,2327,2349,2359,2363,2360,2352,2347,2348,2362,2384,2409,2433,2456,2475,2481,2476,2464,2448,2433,2426,2445,2460,2463,2472,2478
"West Virginia","State","Studio",542,546,546,545,540,541,541,543,544,547,548,548,549,550,552,552,551,549,549,548,547,546,545,544,541,543,546,544,541,540,542,544,543,544,545,546,546,545,545,545,545,545,544,541,539,539,540,541,540,537,536,539,541,544
"West Virginia","State","1br",604,609,609,607,602,603,603,605,606,609,611,611,612,613,615,615,614,612,612,610,610,609,607,606,603,605,608,606,602,602,604,606,606,606,607,608,608,608,607,607,608,608,606,603,601,600,602,603,601,599,598,600,603,606
"West Virginia","State","2br",734,740,739,738,732,732,732,735,736,740,742,742,743,745,748,747,746,744,744,741,741,740,738,737,732,735,738,737,732,732,734,736,736,737,738,739,739,738,737,738,738,738,736,733,730,729,731,733,730,728,726,729,732,736
"West Virginia","State","3br",973,980,980,978,970,971,970,973,976,981,983,983,985,987,991,990,988,986,986,983,982,980,978,976,970,975,979,976,970,970,972,976,975,976,978,979,979,979,977,978,979,978,975,971,967,967,969,971,968,964,962,966,971,976
"West Virginia","State","4br",1104,1112,1112,1109,1100,1101,1101,1104,1107,1113,1116,1115,1117,1120,1124,1123,1121,1118,1118,1115,1114,1112,1110,1107,1101,1106,1110,1107,1100,1100,1103,1107,1106,1108,1109,1111,1111,1110,1109,1109,1110,1110,1107,1102,1097,1097,1099,1101,1098,1094,1092,1096,1101,1107
"Wisconsin","State","Studio",539,540,541,542,544,546,547,547,548,549,549,550,550,551,552,553,555,555,556,556,557,556,557,558,558,558,559,561,563,564,565,566,567,567,566,566,566,569,571,573,574,575,576,576,575,575,574,575,574,574,574,576,578,579
"Wisconsin","State","1br",631,632,633,635,637,639,640,641,641,643,643,644,644,645,646,648,650,650,651,652,652,652,652,653,654,654,654,657,659,660,661,663,664,664,663,663,663,666,669,671,673,674,675,674,674,673,673,673,672,672,673,674,677,679
"Wisconsin","State","2br",801,803,804,805,808,811,812,813,814,815,816,817,818,819,820,822,824,825,826,827,827,827,828,829,830,829,830,834,837,838,839,841,843,842,841,841,842,845,849,852,854,855,856,856,855,854,854,854,853,852,854,856,859,861
"Wisconsin","State","3br",1062,1063,1065,1067,1070,1074,1076,1078,1078,1080,1082,1082,1083,1085,1086,1089,1092,1093,1095,1096,1096,1096,1097,1099,1099,1099,1100,1105,1108,1110,1112,1114,1116,1116,1115,1114,1115,1120,1125,1129,1131,1133,1134,1134,1133,1132,1131,1131,1130,1129,1131,1134,1138,1141
"Wisconsin","State","4br",1189,1191,1193,1195,1199,1203,1206,1207,1208,1211,1212,1213,1214,1216,1217,1220,1224,1224,1226,1227,1228,1228,1229,1231,1231,1231,1232,1238,1242,1243,1246,1248,1251,1250,1249,1249,1250,1254,1260,1265,1267,1269,1271,1271,1269,1268,1267,1268,1266,1265,1267,1270,1275,1278
"Wyoming","State","Studio",557,554,553,553,555,556,557,555,554,555,559,562,560,560,562,562,561,559,561,562,558,559,558,558,550,549,546,550,548,548,546,546,546,545,546,545,547,548,546,543,542,544,546,546,544,541,538,539,541,542,541,542,542,544
"Wyoming","State","1br",624,621,620,620,622,623,624,621,620,622,626,630,628,627,630,630,629,627,628,629,626,627,626,625,617,615,612,616,614,614,612,612,612,611,611,611,613,614,612,609,608,610,612,612,610,607,603,604,606,608,606,607,608,609
"Wyoming","State","2br",801,797,796,796,798,800,801,798,797,798,804,808,806,805,808,809,807,805,807,808,803,805,804,803,792,790,786,792,788,788,786,786,786,785,785,784,788,789,786,781,781,783,786,786,783,779,775,776,778,780,779,780,780,782
"Wyoming","State","3br",1089,1084,1083,1082,1085,1087,1089,1085,1083,1085,1093,1099,1096,1095,1099,1100,1097,1094,1097,1099,1092,1094,1092,1092,1076,1073,1068,1076,1072,1071,1068,1068,1069,1067,1067,1066,1071,1072,1069,1062,1061,1065,1069,1069,1064,1059,1053,1055,1058,1061,1059,1060,1061,1064
"Wyoming","State","4br",1288,1283,1281,1280,1284,1286,1289,1283,1281,1284,1293,1300,1297,1295,1300,1301,1298,1294,1297,1300,1292,1294,1293,1292,1273,1270,1264,1273,1268,1268,1264,1264,1264,1262,1263,1262,1267,1269,1264,1257,1256,1260,1265,1264,1259,1253,1246,1248,1252,1255,1253,1254,1255,1259
