State,Year,Number of CoCs,Total Homeless,Sheltered Homeless,Unsheltered Homeless,Homeless Individuals,Sheltered Homeless Individuals,Unsheltered Homeless Individuals,Homeless People in Families,Sheltered Homeless People in Families,Unsheltered Homeless People in Families,Chronically Homeless,Sheltered Chronically Homeless,Unsheltered Chronically Homeless,Chronically Homeless Individuals,Sheltered Chronically Homeless Individuals,Unsheltered Chronically Homeless Individuals,Chronically Homeless People in Families,Sheltered Chronically Homeless People in Families,Unsheltered Chronically Homeless People in Families,Homeless Veterans,Sheltered Homeless Veterans,Unsheltered Homeless Veterans,Homeless Unaccompanied Youth (Under 25),Sheltered Homeless Unaccompanied Youth (Under 25),Unsheltered Homeless Unaccompanied Youth (Under 25),Homeless Unaccompanied Children (Under 18),Sheltered Homeless Unaccompanied Children (Under 18),Unsheltered Homeless Unaccompanied Children (Under 18),Homeless Unaccompanied Young Adults (Age 18-24),Sheltered Homeless Unaccompanied Young Adults (Age 18-24),Unsheltered Homeless Unaccompanied Young Adults (Age 18-24),Parenting Youth (Under 25),Sheltered Parenting Youth (Under 25),Unsheltered Parenting Youth (Under 25),Parenting Youth Under 18,Sheltered Parenting Youth Under 18,Unsheltered Parenting Youth Under 18,Parenting Youth Age 18-24,Sheltered Parenting Youth Age 18-24,Unsheltered Parenting Youth Age 18-24,Children of Parenting Youth,Sheltered Children of Parenting Youth,Unsheltered Children of Parenting Youth
AK,2017,2,"1,845","1,551",294,"1,354","1,060",294,491,491,0,257,158,99,216,117,99,41,41,0,124,95,29,162,142,20,15,15,0,147,127,20,22,22,0,0,0,0,22,22,0,39,39,0
AL,2017,8,"3,793","2,656","1,137","2,985","1,950","1,035",808,706,102,363,171,192,344,152,192,19,19,0,269,202,67,294,182,112,36,34,2,258,148,110,29,26,3,6,6,0,23,20,3,39,35,4
AR,2017,6,"2,467","1,273","1,194","2,068",937,"1,131",399,336,63,473,147,326,450,138,312,23,9,14,239,130,109,208,87,121,17,15,2,191,72,119,10,10,0,0,0,0,10,10,0,13,13,0
AZ,2017,3,"8,947","5,781","3,166","6,488","3,423","3,065","2,459","2,358",101,"1,552",546,"1,006","1,463",492,971,89,54,35,970,641,329,578,345,233,55,45,10,523,300,223,81,81,0,0,0,0,81,81,0,112,112,0
CA,2017,43,"134,278","42,636","91,642","112,756","25,022","87,734","21,522","17,614","3,908","37,360","5,235","32,125","35,798","4,430","31,368","1,562",805,757,"11,472","3,815","7,657","15,458","2,709","12,749","1,649",198,"1,451","13,809","2,511","11,298",890,656,234,16,11,5,874,645,229,"1,058",782,276
CO,2017,3,"10,940","7,081","3,859","7,571","4,719","2,852","3,369","2,362","1,007","2,264",977,"1,287","2,126",914,"1,212",138,63,75,"1,078",743,335,763,428,335,45,23,22,718,405,313,110,74,36,0,0,0,110,74,36,138,99,39
CT,2017,2,"3,388","2,972",416,"2,208","1,796",412,"1,180","1,176",4,420,273,147,387,240,147,33,33,0,191,177,14,170,106,64,13,11,2,157,95,62,64,64,0,0,0,0,64,64,0,89,89,0
DC,2017,1,"7,473","6,576",897,"3,583","2,686",897,"3,890","3,890",0,"1,881","1,343",538,"1,470",932,538,411,411,0,285,250,35,228,194,34,5,5,0,223,189,34,397,397,0,0,0,0,397,397,0,482,482,0
DE,2017,1,994,936,58,615,563,52,379,373,6,127,102,25,123,98,25,4,4,0,91,85,6,45,43,2,2,2,0,43,41,2,20,20,0,2,2,0,18,18,0,25,25,0
FL,2017,27,"32,190","17,111","15,079","22,768","10,931","11,837","9,422","6,180","3,242","5,615","1,241","4,374","4,951","1,127","3,824",664,114,550,"2,817","1,821",996,"2,019","1,075",944,421,282,139,"1,598",793,805,328,275,53,16,13,3,312,262,50,483,410,73
GA,2017,9,"10,174","6,651","3,523","7,422","4,102","3,320","2,752","2,549",203,"1,028",462,566,963,405,558,65,57,8,712,466,246,526,328,198,28,24,4,498,304,194,75,62,13,0,0,0,75,62,13,139,121,18
GU,2017,1,852,87,765,215,17,198,637,70,567,64,0,64,20,0,20,44,0,44,24,4,20,1,0,1,0,0,0,1,0,1,7,1,6,0,0,0,7,1,6,14,3,11
HI,2017,2,"7,220","3,420","3,800","4,535","1,258","3,277","2,685","2,162",523,"1,800",207,"1,593","1,588",164,"1,424",212,43,169,615,237,378,319,56,263,26,2,24,293,54,239,71,60,11,0,0,0,71,60,11,68,56,12
IA,2017,3,"2,756","2,652",104,"1,500","1,396",104,"1,256","1,256",0,199,143,56,170,114,56,29,29,0,171,153,18,140,136,4,12,12,0,128,124,4,73,73,0,0,0,0,73,73,0,107,107,0
ID,2017,2,"2,037","1,398",639,"1,309",857,452,728,541,187,436,302,134,391,257,134,45,45,0,228,159,69,113,89,24,7,7,0,106,82,24,17,15,2,0,0,0,17,15,2,24,19,5
IL,2017,20,"10,798","8,541","2,257","6,894","4,759","2,135","3,904","3,782",122,"1,475",717,758,"1,355",644,711,120,73,47,864,575,289,730,592,138,49,46,3,681,546,135,290,276,14,1,1,0,289,275,14,406,389,17
IN,2017,2,"5,438","4,869",569,"3,623","3,082",541,"1,815","1,787",28,537,483,54,486,432,54,51,51,0,615,569,46,294,252,42,30,29,1,264,223,41,70,69,1,0,0,0,70,69,1,93,92,1
KS,2017,5,"2,287","1,942",345,"1,423","1,083",340,864,859,5,341,251,90,252,166,86,89,85,4,217,177,40,103,79,24,6,6,0,97,73,24,33,32,1,0,0,0,33,32,1,60,56,4
KY,2017,3,"4,025","3,298",727,"3,032","2,386",646,993,912,81,405,267,138,383,252,131,22,15,7,489,445,44,253,194,59,18,14,4,235,180,55,62,56,6,1,1,0,61,55,6,89,83,6
LA,2017,8,"3,305","2,330",975,"2,559","1,647",912,746,683,63,618,183,435,609,174,435,9,9,0,383,329,54,236,186,50,46,45,1,190,141,49,31,28,3,0,0,0,31,28,3,55,48,7
MA,2017,15,"17,565","16,574",991,"6,267","5,288",979,"11,298","11,286",12,"1,914","1,555",359,"1,238",885,353,676,670,6,853,808,45,469,407,62,57,54,3,412,353,59,572,572,0,0,0,0,572,572,0,715,715,0
MD,2017,16,"7,247","5,511","1,736","5,077","3,509","1,568","2,170","2,002",168,"1,520",816,704,"1,436",746,690,84,70,14,536,440,96,272,179,93,11,7,4,261,172,89,121,114,7,0,0,0,121,114,7,176,166,10
ME,2017,1,"2,280","2,100",180,"1,352","1,244",108,928,856,72,201,201,0,189,189,0,12,12,0,131,120,11,178,143,35,28,16,12,150,127,23,26,21,5,2,0,2,24,21,3,33,29,4
MI,2017,21,"9,051","8,028","1,023","5,628","4,715",913,"3,423","3,313",110,774,538,236,709,482,227,65,56,9,773,713,60,608,539,69,80,76,4,528,463,65,201,198,3,5,5,0,196,193,3,319,316,3
MN,2017,10,"7,668","6,560","1,108","3,899","2,892","1,007","3,769","3,668",101,906,552,354,813,472,341,93,80,13,281,244,37,889,739,150,136,129,7,753,610,143,315,305,10,10,8,2,305,297,8,501,488,13
MO,2017,8,"6,037","4,885","1,152","3,768","2,770",998,"2,269","2,115",154,"1,087",723,364,883,525,358,204,198,6,538,449,89,548,455,93,101,91,10,447,364,83,163,162,1,4,4,0,159,158,1,218,217,1
MP,2017,1,672,24,648,208,11,197,464,13,451,0,0,0,0,0,0,0,0,0,0,0,0,0,0,0,0,0,0,0,0,0,0,0,0,0,0,0,0,0,0,0,0,0
MS,2017,3,"1,472",753,719,"1,100",452,648,372,301,71,72,24,48,61,13,48,11,11,0,57,39,18,59,40,19,21,21,0,38,19,19,9,3,6,0,0,0,9,3,6,14,6,8
MT,2017,1,"1,529",985,544,987,633,354,542,352,190,198,75,123,182,73,109,16,2,14,205,125,80,106,66,40,14,9,5,92,57,35,21,16,5,0,0,0,21,16,5,24,19,5
NC,2017,12,"8,962","6,511","2,451","6,044","4,129","1,915","2,918","2,382",536,"1,075",396,679,994,359,635,81,37,44,931,732,199,434,320,114,68,66,2,366,254,112,112,98,14,0,0,0,112,98,14,157,140,17
ND,2017,1,"1,089",758,331,832,650,182,257,108,149,45,25,20,37,25,12,8,0,8,74,58,16,80,66,14,17,17,0,63,49,14,17,9,8,0,0,0,17,9,8,19,11,8
NE,2017,3,"2,501","2,381",120,"1,698","1,578",120,803,803,0,375,299,76,361,285,76,14,14,0,174,172,2,164,151,13,11,11,0,153,140,13,54,54,0,0,0,0,54,54,0,60,60,0
NH,2017,3,"1,456","1,282",174,776,638,138,680,644,36,137,62,75,100,38,62,37,24,13,124,113,11,76,62,14,0,0,0,76,62,14,36,31,5,0,0,0,36,31,5,51,43,8
NJ,2017,16,"8,536","7,122","1,414","5,433","4,038","1,395","3,103","3,084",19,"1,069",652,417,955,542,413,114,110,4,583,494,89,492,432,60,53,52,1,439,380,59,225,225,0,0,0,0,225,225,0,300,300,0
NM,2017,2,"2,482","1,686",796,"1,865","1,147",718,617,539,78,814,463,351,712,385,327,102,78,24,248,135,113,181,138,43,78,77,1,103,61,42,14,14,0,1,1,0,13,13,0,19,19,0
NV,2017,3,"7,833","3,255","4,578","7,281","2,721","4,560",552,534,18,512,123,389,502,121,381,10,2,8,832,492,340,"2,166",235,"1,931",262,23,239,"1,904",212,"1,692",30,24,6,1,1,0,29,23,6,35,32,3
NY,2017,26,"89,503","84,948","4,555","37,390","32,890","4,500","52,113","52,058",55,"6,578","4,598","1,980","5,087","3,110","1,977","1,491","1,488",3,"1,244","1,186",58,"2,829","2,535",294,101,95,6,"2,728","2,440",288,"3,020","3,017",3,12,12,0,"3,008","3,005",3,"3,367","3,364",3
OH,2017,9,"10,095","8,786","1,309","6,688","5,494","1,194","3,407","3,292",115,772,425,347,725,396,329,47,29,18,862,785,77,695,584,111,64,63,1,631,521,110,160,154,6,1,1,0,159,153,6,223,216,7
OK,2017,8,"4,199","3,084","1,115","2,824","1,992",832,"1,375","1,092",283,660,348,312,578,295,283,82,53,29,349,235,114,363,253,110,45,27,18,318,226,92,50,44,6,0,0,0,50,44,6,63,55,8
OR,2017,7,"13,953","5,986","7,967","10,434","4,293","6,141","3,519","1,693","1,826","3,387",868,"2,519","3,120",768,"2,352",267,100,167,"1,251",583,668,"1,462",507,955,515,96,419,947,411,536,125,93,32,2,2,0,123,91,32,144,102,42
PA,2017,16,"14,138","12,340","1,798","8,271","6,529","1,742","5,867","5,811",56,"1,438",828,610,"1,372",768,604,66,60,6,963,875,88,756,608,148,60,47,13,696,561,135,466,462,4,1,0,1,465,462,3,681,677,4
PR,2017,2,"3,525","1,013","2,512","3,141",800,"2,341",384,213,171,"1,078",142,936,"1,065",142,923,13,0,13,94,30,64,135,46,89,3,2,1,132,44,88,25,17,8,0,0,0,25,17,8,30,23,7
RI,2017,1,"1,180","1,111",69,802,733,69,378,378,0,240,215,25,240,215,25,0,0,0,95,92,3,49,41,8,1,1,0,48,40,8,6,6,0,0,0,0,6,6,0,10,10,0
SC,2017,4,"3,916","2,415","1,501","2,896","1,667","1,229","1,020",748,272,824,236,588,792,226,566,32,10,22,480,321,159,173,108,65,8,6,2,165,102,63,44,36,8,0,0,0,44,36,8,63,53,10
SD,2017,1,943,772,171,611,452,159,332,320,12,144,112,32,101,81,20,43,31,12,130,123,7,66,53,13,19,18,1,47,35,12,14,14,0,2,2,0,12,12,0,18,18,0
TN,2017,10,"8,309","5,544","2,765","6,137","3,883","2,254","2,172","1,661",511,"1,484",571,913,"1,295",482,813,189,89,100,757,615,142,457,276,181,23,17,6,434,259,175,47,37,10,0,0,0,47,37,10,89,61,28
TX,2017,11,"23,548","15,055","8,493","16,708","8,714","7,994","6,840","6,341",499,"3,711","1,481","2,230","3,497","1,319","2,178",214,162,52,"2,200","1,379",821,"1,318",772,546,129,113,16,"1,189",659,530,301,282,19,5,5,0,296,277,19,512,481,31
UT,2017,3,"2,852","2,574",278,"1,882","1,604",278,970,970,0,185,141,44,163,119,44,22,22,0,220,203,17,180,146,34,29,29,0,151,117,34,37,37,0,1,1,0,36,36,0,45,45,0
VA,2017,16,"6,067","5,059","1,008","4,028","3,049",979,"2,039","2,010",29,896,531,365,864,501,363,32,30,2,478,384,94,303,247,56,15,15,0,288,232,56,83,83,0,0,0,0,83,83,0,109,109,0
VI,2017,1,381,74,307,369,62,307,12,12,0,334,27,307,334,27,307,0,0,0,23,6,17,5,3,2,0,0,0,5,3,2,0,0,0,0,0,0,0,0,0,0,0,0
VT,2017,2,"1,225","1,091",134,697,600,97,528,491,37,127,94,33,111,82,29,16,12,4,94,89,5,94,83,11,2,1,1,92,82,10,35,29,6,0,0,0,35,29,6,36,33,3
WA,2017,7,"21,112","12,521","8,591","14,781","6,733","8,048","6,331","5,788",543,"4,939","1,747","3,192","4,357","1,290","3,067",582,457,125,"2,093","1,094",999,"2,135",733,"1,402",304,90,214,"1,831",643,"1,188",256,240,16,7,7,0,249,233,16,374,356,18
WI,2017,4,"5,027","4,687",340,"2,645","2,317",328,"2,382","2,370",12,434,367,67,342,275,67,92,92,0,329,309,20,276,240,36,28,25,3,248,215,33,145,142,3,0,0,0,145,142,3,190,188,2
WV,2017,4,"1,309","1,121",188,"1,032",860,172,277,261,16,206,140,66,188,131,57,18,9,9,137,124,13,79,69,10,7,7,0,72,62,10,10,10,0,0,0,0,10,10,0,13,13,0
WY,2017,1,873,510,363,622,383,239,251,127,124,68,26,42,14,14,0,54,12,42,63,50,13,62,43,19,19,6,13,43,37,6,16,13,3,0,0,0,16,13,3,11,8,3
AK,2016,2,"1,940","1,498",442,"1,527","1,089",438,413,409,4,122,94,28,112,84,28,10,10,0,168,112,56,173,137,36,19,19,0,154,118,36,9,9,0,0,0,0,9,9,0,10,10,0
AL,2016,8,"4,111","2,893","1,218","3,019","2,017","1,002","1,092",876,216,420,172,248,390,163,227,30,9,21,373,321,52,254,173,81,28,28,0,226,145,81,31,25,6,5,5,0,26,20,6,45,39,6
AR,2016,7,"2,463","1,616",847,"1,838","1,140",698,625,476,149,503,226,277,417,163,254,86,63,23,222,159,63,201,117,84,49,49,0,152,68,84,13,13,0,0,0,0,13,13,0,13,13,0
AZ,2016,3,"9,707","6,463","3,244","6,659","3,564","3,095","3,048","2,899",149,"1,395",468,927,"1,327",423,904,68,45,23,"1,036",663,373,589,431,158,100,92,8,489,339,150,150,150,0,1,1,0,149,149,0,222,222,0
CA,2016,43,"118,142","39,752","78,390","97,660","23,720","73,940","20,482","16,032","4,450","31,548","4,478","27,070","29,802","3,910","25,892","1,746",568,"1,178","9,612","4,012","5,600","11,222","2,531","8,691",847,213,634,"10,375","2,318","8,057",862,751,111,10,10,0,852,741,111,"1,098",935,163
CO,2016,3,"10,550","7,611","2,939","6,450","4,352","2,098","4,100","3,259",841,"1,829",949,880,"1,642",883,759,187,66,121,"1,181",906,275,653,383,270,39,26,13,614,357,257,157,133,24,2,1,1,155,132,23,217,187,30
CT,2016,2,"3,902","3,229",673,"2,570","1,903",667,"1,332","1,326",6,467,282,185,439,254,185,28,28,0,216,173,43,119,97,22,8,8,0,111,89,22,61,60,1,0,0,0,61,60,1,93,92,1
DC,2016,1,"8,350","8,032",318,"3,683","3,365",318,"4,667","4,667",0,"1,597","1,357",240,"1,501","1,261",240,96,96,0,350,322,28,211,178,33,10,10,0,201,168,33,527,527,0,0,0,0,527,527,0,688,688,0
DE,2016,1,"1,070","1,019",51,753,702,51,317,317,0,74,72,2,65,63,2,9,9,0,107,103,4,51,46,5,0,0,0,51,46,5,10,10,0,0,0,0,10,10,0,20,20,0
FL,2016,27,"33,559","18,198","15,361","24,201","11,641","12,560","9,358","6,557","2,801","5,895","1,402","4,493","5,415","1,219","4,196",480,183,297,"2,902","1,825","1,077","2,094","1,106",988,514,279,235,"1,580",827,753,320,237,83,5,5,0,315,232,83,485,383,102
GA,2016,9,"12,909","7,543","5,366","9,265","4,785","4,480","3,644","2,758",886,"1,815",470,"1,345","1,658",415,"1,243",157,55,102,"1,055",581,474,725,475,250,17,13,4,708,462,246,90,83,7,0,0,0,90,83,7,125,105,20
GU,2016,1,"1,085",112,973,227,18,209,858,94,764,55,0,55,15,0,15,40,0,40,21,6,15,7,4,3,1,1,0,6,3,3,10,1,9,0,0,0,10,1,9,11,1,10
HI,2016,2,"7,921","3,613","4,308","4,590","1,282","3,308","3,331","2,331","1,000","1,949",137,"1,812","1,659",120,"1,539",290,17,273,670,264,406,309,82,227,26,6,20,283,76,207,92,52,40,1,0,1,91,52,39,85,50,35
IA,2016,3,"3,064","2,921",143,"1,543","1,400",143,"1,521","1,521",0,184,137,47,159,112,47,25,25,0,170,154,16,160,150,10,18,18,0,142,132,10,112,112,0,0,0,0,112,112,0,177,177,0
ID,2016,2,"2,247","1,509",738,"1,284",886,398,963,623,340,337,160,177,227,99,128,110,61,49,267,202,65,130,89,41,16,14,2,114,75,39,39,24,15,0,0,0,39,24,15,49,31,18
IL,2016,20,"11,590","9,736","1,854","6,986","5,226","1,760","4,604","4,510",94,"1,024",620,404,937,562,375,87,58,29,949,713,236,719,648,71,28,25,3,691,623,68,340,336,4,1,1,0,339,335,4,467,461,6
IN,2016,3,"5,798","5,107",691,"3,824","3,158",666,"1,974","1,949",25,589,374,215,534,319,215,55,55,0,663,614,49,365,294,71,37,36,1,328,258,70,88,87,1,0,0,0,88,87,1,147,144,3
KS,2016,5,"2,255","1,973",282,"1,228",956,272,"1,027","1,017",10,362,254,108,233,129,104,129,125,4,169,138,31,106,80,26,19,18,1,87,62,25,17,16,1,0,0,0,17,16,1,23,22,1
KY,2016,3,"4,237","3,531",706,"2,949","2,400",549,"1,288","1,131",157,382,235,147,353,218,135,29,17,12,512,452,60,220,172,48,21,21,0,199,151,48,73,69,4,0,0,0,73,69,4,109,104,5
LA,2016,9,"3,994","2,853","1,141","3,176","2,069","1,107",818,784,34,570,167,403,570,167,403,0,0,0,400,363,37,408,276,132,63,57,6,345,219,126,47,44,3,1,1,0,46,43,3,85,82,3
MA,2016,16,"19,608","18,848",760,"6,434","5,690",744,"13,174","13,158",16,"2,325","2,074",251,"1,272","1,023",249,"1,053","1,051",2,949,915,34,374,320,54,15,9,6,359,311,48,554,554,0,6,6,0,548,548,0,699,699,0
MD,2016,16,"7,689","6,161","1,528","4,983","3,751","1,232","2,706","2,410",296,"1,364",844,520,"1,277",782,495,87,62,25,555,436,119,279,185,94,15,5,10,264,180,84,148,141,7,0,0,0,148,141,7,225,216,9
ME,2016,2,"2,241","2,121",120,"1,321","1,215",106,920,906,14,217,174,43,199,156,43,18,18,0,146,125,21,177,161,16,31,29,2,146,132,14,34,32,2,3,3,0,31,29,2,38,37,1
MI,2016,21,"9,316","8,356",960,"5,803","4,973",830,"3,513","3,383",130,776,579,197,719,525,194,57,54,3,822,758,64,725,624,101,102,98,4,623,526,97,251,248,3,6,6,0,245,242,3,381,376,5
MN,2016,10,"7,341","6,452",889,"3,669","2,902",767,"3,672","3,550",122,873,718,155,715,570,145,158,148,10,279,248,31,730,613,117,89,75,14,641,538,103,254,251,3,9,9,0,245,242,3,377,374,3
MO,2016,8,"6,194","4,978","1,216","3,810","2,830",980,"2,384","2,148",236,"1,136",765,371,891,565,326,245,200,45,575,494,81,638,489,149,201,168,33,437,321,116,138,130,8,5,5,0,133,125,8,204,199,5
MP,2016,0,.,.,.,.,.,.,.,.,.,.,.,.,.,.,.,.,.,.,.,.,.,.,.,.,.,.,.,.,.,.,.,.,.,.,.,.,.,.,.,.,.,.
MS,2016,3,"1,738",889,849,"1,299",556,743,439,333,106,183,28,155,180,28,152,3,0,3,144,58,86,85,45,40,10,10,0,75,35,40,14,5,9,0,0,0,14,5,9,23,7,16
MT,2016,1,"1,418",788,630,844,443,401,574,345,229,137,26,111,117,21,96,20,5,15,165,92,73,100,52,48,13,4,9,87,48,39,22,16,6,0,0,0,22,16,6,22,18,4
NC,2016,12,"9,559","7,250","2,309","6,396","4,682","1,714","3,163","2,568",595,"1,184",638,546,999,527,472,185,111,74,888,730,158,497,385,112,65,55,10,432,330,102,135,120,15,0,0,0,135,120,15,200,185,15
ND,2016,1,923,707,216,662,509,153,261,198,63,120,41,79,89,41,48,31,0,31,116,63,53,74,61,13,10,10,0,64,51,13,13,9,4,0,0,0,13,9,4,18,10,8
NE,2016,3,"2,754","2,653",101,"1,880","1,779",101,874,874,0,233,196,37,200,163,37,33,33,0,219,211,8,238,238,0,40,40,0,198,198,0,34,34,0,0,0,0,34,34,0,44,44,0
NH,2016,3,"1,366","1,223",143,827,695,132,539,528,11,281,216,65,227,164,63,54,52,2,123,119,4,80,72,8,1,0,1,79,72,7,32,31,1,1,1,0,31,30,1,61,59,2
NJ,2016,15,"8,895","7,461","1,434","5,540","4,187","1,353","3,355","3,274",81,822,399,423,704,291,413,118,108,10,556,485,71,533,470,63,34,34,0,499,436,63,269,266,3,0,0,0,269,266,3,337,333,4
NM,2016,2,"2,263","1,809",454,"1,556","1,127",429,707,682,25,649,378,271,603,342,261,46,36,10,214,150,64,188,163,25,69,68,1,119,95,24,14,14,0,0,0,0,14,14,0,23,23,0
NV,2016,3,"7,398","3,471","3,927","6,853","2,937","3,916",545,534,11,347,62,285,330,45,285,17,17,0,851,437,414,"1,672",309,"1,363",292,28,264,"1,380",281,"1,099",34,29,5,1,1,0,33,28,5,42,37,5
NY,2016,26,"86,352","82,761","3,591","35,315","31,793","3,522","51,037","50,968",69,"5,368","3,299","2,069","4,112","2,063","2,049","1,256","1,236",20,"1,248","1,156",92,"2,889","2,641",248,188,165,23,"2,701","2,476",225,"2,724","2,718",6,11,11,0,"2,713","2,707",6,"3,311","3,304",7
OH,2016,9,"10,404","9,266","1,138","6,946","5,890","1,056","3,458","3,376",82,778,439,339,733,403,330,45,36,9,930,845,85,622,557,65,46,44,2,576,513,63,225,219,6,5,5,0,220,214,6,340,332,8
OK,2016,8,"4,107","3,087","1,020","2,997","2,120",877,"1,110",967,143,696,405,291,610,329,281,86,76,10,358,260,98,410,266,144,39,35,4,371,231,140,50,41,9,0,0,0,50,41,9,70,60,10
OR,2016,7,"13,238","5,236","8,002","9,379","3,658","5,721","3,859","1,578","2,281","3,460",554,"2,906","3,077",506,"2,571",383,48,335,"1,341",603,738,"1,175",418,757,236,58,178,939,360,579,133,92,41,0,0,0,133,92,41,169,119,50
PA,2016,16,"15,339","13,664","1,675","8,599","7,080","1,519","6,740","6,584",156,"1,325",787,538,"1,209",673,536,116,114,2,"1,136","1,088",48,868,736,132,63,45,18,805,691,114,549,542,7,4,4,0,545,538,7,779,771,8
PR,2016,2,"4,418","1,321","3,097","3,799",899,"2,900",619,422,197,"1,772",211,"1,561","1,623",203,"1,420",149,8,141,146,37,109,163,52,111,6,4,2,157,48,109,31,27,4,0,0,0,31,27,4,43,35,8
RI,2016,1,"1,160","1,123",37,859,822,37,301,301,0,144,141,3,136,133,3,8,8,0,89,89,0,64,63,1,0,0,0,64,63,1,21,21,0,0,0,0,21,21,0,31,31,0
SC,2016,4,"5,051","3,361","1,690","3,758","2,340","1,418","1,293","1,021",272,988,448,540,913,395,518,75,53,22,738,452,286,266,151,115,20,14,6,246,137,109,48,44,4,2,2,0,46,42,4,76,72,4
SD,2016,1,"1,072",887,185,548,446,102,524,441,83,44,37,7,34,30,4,10,7,3,120,109,11,77,69,8,9,9,0,68,60,8,19,16,3,1,1,0,18,15,3,25,21,4
TN,2016,10,"8,779","5,773","3,006","6,652","4,202","2,450","2,127","1,571",556,"1,782",694,"1,088","1,640",613,"1,027",142,81,61,831,654,177,416,249,167,26,22,4,390,227,163,107,74,33,0,0,0,107,74,33,147,108,39
TX,2016,11,"23,122","16,214","6,908","15,959","9,315","6,644","7,163","6,899",264,"3,689","1,637","2,052","3,534","1,500","2,034",155,137,18,"1,768","1,285",483,"1,309",764,545,187,123,64,"1,122",641,481,309,303,6,5,5,0,304,298,6,465,452,13
UT,2016,3,"2,807","2,571",236,"1,828","1,612",216,979,959,20,190,180,10,168,158,10,22,22,0,335,311,24,150,132,18,18,17,1,132,115,17,17,17,0,0,0,0,17,17,0,30,30,0
VA,2016,16,"6,268","5,502",766,"3,959","3,245",714,"2,309","2,257",52,793,568,225,750,525,225,43,43,0,515,439,76,322,278,44,12,12,0,310,266,44,102,98,4,1,1,0,101,97,4,146,142,4
VI,2016,1,341,89,252,308,56,252,33,33,0,26,8,18,26,8,18,0,0,0,32,2,30,8,0,8,0,0,0,8,0,8,0,0,0,0,0,0,0,0,0,0,0,0
VT,2016,2,"1,117",961,156,655,516,139,462,445,17,127,81,46,120,74,46,7,7,0,110,97,13,71,62,9,1,1,0,70,61,9,46,43,3,0,0,0,46,43,3,49,46,3
WA,2016,7,"20,827","12,361","8,466","13,900","6,389","7,511","6,927","5,972",955,"2,567",981,"1,586","2,307",825,"1,482",260,156,104,"1,484",999,485,"1,307",714,593,92,77,15,"1,215",637,578,295,279,16,6,6,0,289,273,16,455,434,21
WI,2016,4,"5,685","5,275",410,"2,886","2,495",391,"2,799","2,780",19,363,296,67,276,209,67,87,87,0,415,392,23,337,273,64,25,20,5,312,253,59,188,188,0,0,0,0,188,188,0,267,267,0
WV,2016,4,"1,387","1,252",135,"1,039",904,135,348,348,0,165,117,48,161,113,48,4,4,0,143,126,17,95,83,12,6,5,1,89,78,11,19,19,0,0,0,0,19,19,0,35,35,0
WY,2016,1,857,491,366,517,277,240,340,214,126,91,33,58,80,29,51,11,4,7,87,56,31,31,24,7,3,1,2,28,23,5,15,12,3,0,0,0,15,12,3,17,14,3
AK,2015,2,"1,956","1,639",317,"1,342","1,084",258,614,555,59,222,81,141,182,70,112,40,11,29,180,149,31,155,123,32,24,18,6,131,105,26,18,18,0,0,0,0,18,18,0,21,21,0
AL,2015,8,"3,970","2,943","1,027","2,868","2,076",792,"1,102",867,235,607,168,439,557,157,400,50,11,39,474,399,75,228,168,60,32,27,5,196,141,55,25,21,4,5,5,0,20,16,4,35,29,6
AR,2015,7,"2,560","1,678",882,"1,833","1,089",744,727,589,138,623,319,304,524,234,290,99,85,14,456,385,71,188,95,93,0,0,0,188,95,93,22,22,0,0,0,0,22,22,0,20,20,0
AZ,2015,3,"9,896","6,939","2,957","6,548","3,824","2,724","3,348","3,115",233,"1,366",344,"1,022","1,246",297,949,120,47,73,"1,220",672,548,621,450,171,83,79,4,538,371,167,166,156,10,6,6,0,160,150,10,194,185,9
CA,2015,43,"115,738","42,039","73,699","93,156","24,843","68,313","22,582","17,196","5,386","32,227","5,077","27,150","29,178","4,169","25,009","3,049",908,"2,141","11,311","4,309","7,002","10,416","2,464","7,952",892,260,632,"9,524","2,204","7,320",854,770,84,11,11,0,843,759,84,"1,160","1,039",121
CO,2015,3,"9,953","7,134","2,819","5,729","3,739","1,990","4,224","3,395",829,"1,877",882,995,"1,572",754,818,305,128,177,950,644,306,566,360,206,82,74,8,484,286,198,171,146,25,1,0,1,170,146,24,226,197,29
CT,2015,3,"4,047","3,421",626,"2,719","2,124",595,"1,328","1,297",31,583,278,305,538,240,298,45,38,7,282,241,41,124,92,32,11,11,0,113,81,32,43,41,2,0,0,0,43,41,2,65,63,2
DC,2015,1,"7,298","6,754",544,"3,821","3,277",544,"3,477","3,477",0,"1,790","1,470",320,"1,593","1,273",320,197,197,0,408,366,42,200,183,17,7,7,0,193,176,17,366,366,0,0,0,0,366,366,0,544,544,0
DE,2015,1,953,916,37,602,565,37,351,351,0,80,75,5,64,59,5,16,16,0,79,74,5,57,56,1,3,3,0,54,53,1,21,21,0,0,0,0,21,21,0,41,41,0
FL,2015,27,"35,900","18,883","17,017","26,325","12,033","14,292","9,575","6,850","2,725","6,540","1,383","5,157","6,021","1,210","4,811",519,173,346,"3,926","2,372","1,554","2,371","1,207","1,164",593,321,272,"1,778",886,892,315,278,37,10,10,0,305,268,37,449,397,52
GA,2015,9,"13,790","7,987","5,803","9,702","4,783","4,919","4,088","3,204",884,"2,137",622,"1,515","1,994",568,"1,426",143,54,89,"1,548",866,682,575,292,283,15,11,4,560,281,279,51,45,6,0,0,0,51,45,6,98,79,19
GU,2015,1,"1,280",87,"1,193",306,23,283,974,64,910,153,0,153,27,0,27,126,0,126,23,1,22,7,1,6,1,1,0,6,0,6,12,0,12,0,0,0,12,0,12,10,0,10
HI,2015,2,"7,620","3,777","3,843","4,307","1,243","3,064","3,313","2,534",779,"1,534",180,"1,354","1,372",153,"1,219",162,27,135,692,275,417,303,76,227,24,8,16,279,68,211,95,70,25,1,0,1,94,70,24,93,71,22
IA,2015,3,"3,081","2,878",203,"1,501","1,302",199,"1,580","1,576",4,275,221,54,201,147,54,74,74,0,207,175,32,179,176,3,7,7,0,172,169,3,124,124,0,4,4,0,120,120,0,139,139,0
ID,2015,2,"1,966","1,497",469,"1,172",832,340,794,665,129,245,112,133,164,84,80,81,28,53,249,174,75,129,91,38,4,3,1,125,88,37,22,19,3,0,0,0,22,19,3,31,29,2
IL,2015,20,"13,177","10,463","2,714","8,152","5,599","2,553","5,025","4,864",161,"1,912",994,918,"1,799",892,907,113,102,11,"1,226",769,457,832,680,152,38,33,5,794,647,147,351,345,6,2,2,0,349,343,6,522,514,8
IN,2015,3,"5,863","5,280",583,"3,914","3,353",561,"1,949","1,927",22,703,529,174,608,450,158,95,79,16,790,726,64,373,333,40,36,36,0,337,297,40,103,102,1,3,3,0,100,99,1,149,147,2
KS,2015,5,"2,588","2,283",305,"1,466","1,191",275,"1,122","1,092",30,379,245,134,339,214,125,40,31,9,311,276,35,89,72,17,3,3,0,86,69,17,28,27,1,0,0,0,28,27,1,31,30,1
KY,2015,3,"4,538","3,796",742,"3,151","2,622",529,"1,387","1,174",213,457,413,44,383,345,38,74,68,6,591,541,50,248,194,54,27,27,0,221,167,54,75,64,11,0,0,0,75,64,11,99,90,9
LA,2015,9,"4,081","2,890","1,191","3,217","2,053","1,164",864,837,27,773,287,486,735,255,480,38,32,6,392,350,42,389,233,156,30,27,3,359,206,153,61,61,0,0,0,0,61,61,0,105,105,0
MA,2015,16,"21,135","20,542",593,"6,378","5,814",564,"14,757","14,728",29,"2,561","2,320",241,"1,411","1,170",241,"1,150","1,150",0,"1,133","1,101",32,415,384,31,5,4,1,410,380,30,839,839,0,10,10,0,829,829,0,"1,070","1,070",0
MD,2015,16,"8,390","6,594","1,796","5,383","3,987","1,396","3,007","2,607",400,"1,847","1,016",831,"1,634",923,711,213,93,120,714,586,128,481,327,154,54,22,32,427,305,122,138,126,12,0,0,0,138,126,12,217,204,13
ME,2015,2,"2,372","2,313",59,"1,219","1,170",49,"1,153","1,143",10,217,203,14,193,179,14,24,24,0,151,142,9,146,145,1,18,18,0,128,127,1,56,55,1,0,0,0,56,55,1,67,65,2
MI,2015,21,"10,516","9,444","1,072","6,546","5,553",993,"3,970","3,891",79,935,621,314,830,519,311,105,102,3,"1,067",991,76,975,880,95,160,153,7,815,727,88,262,260,2,0,0,0,262,260,2,400,396,4
MN,2015,10,"7,546","6,705",841,"3,622","2,987",635,"3,924","3,718",206,"1,396","1,054",342,"1,124",833,291,272,221,51,297,253,44,733,639,94,131,113,18,602,526,76,276,260,16,13,12,1,263,248,15,373,352,21
MO,2015,8,"6,482","5,411","1,071","3,434","2,640",794,"3,048","2,771",277,"1,025",652,373,875,536,339,150,116,34,540,430,110,474,393,81,101,83,18,373,310,63,109,104,5,7,7,0,102,97,5,173,165,8
MP,2015,0,.,.,.,.,.,.,.,.,.,.,.,.,.,.,.,.,.,.,.,.,.,.,.,.,.,.,.,.,.,.,.,.,.,.,.,.,.,.,.,.,.,.
MS,2015,3,"1,983","1,141",842,"1,475",693,782,508,448,60,243,67,176,233,67,166,10,0,10,206,87,119,93,55,38,25,25,0,68,30,38,9,7,2,0,0,0,9,7,2,21,13,8
MT,2015,1,"1,709",837,872,"1,127",478,649,582,359,223,166,26,140,154,23,131,12,3,9,277,98,179,171,41,130,13,6,7,158,35,123,41,26,15,9,7,2,32,19,13,55,31,24
NC,2015,12,"10,685","8,260","2,425","7,156","5,372","1,784","3,529","2,888",641,"1,364",682,682,"1,253",605,648,111,77,34,"1,092",904,188,631,468,163,79,63,16,552,405,147,115,90,25,2,2,0,113,88,25,159,130,29
ND,2015,1,"1,305",819,486,864,591,273,441,228,213,138,68,70,70,52,18,68,16,52,137,90,47,142,113,29,18,18,0,124,95,29,11,11,0,0,0,0,11,11,0,17,17,0
NE,2015,3,"2,744","2,621",123,"1,720","1,597",123,"1,024","1,024",0,322,266,56,257,201,56,65,65,0,247,231,16,238,220,18,29,29,0,209,191,18,47,47,0,0,0,0,47,47,0,69,69,0
NH,2015,3,"1,445","1,313",132,778,666,112,667,647,20,317,260,57,257,205,52,60,55,5,138,124,14,91,82,9,6,5,1,85,77,8,35,35,0,0,0,0,35,35,0,40,40,0
NJ,2015,16,"10,098","9,124",974,"6,189","5,293",896,"3,909","3,831",78,"1,410",972,438,"1,182",752,430,228,220,8,696,616,80,643,587,56,47,47,0,596,540,56,369,367,2,0,0,0,369,367,2,492,487,5
NM,2015,2,"2,629","2,175",454,"1,666","1,237",429,963,938,25,716,445,271,621,360,261,95,85,10,278,214,64,193,168,25,54,53,1,139,115,24,33,33,0,0,0,0,33,33,0,52,52,0
NV,2015,3,"8,743","4,528","4,215","7,858","3,646","4,212",885,882,3,594,117,477,585,108,477,9,9,0,860,516,344,"2,310",288,"2,022",825,9,816,"1,485",279,"1,206",48,48,0,5,5,0,43,43,0,74,74,0
NY,2015,27,"88,250","84,228","4,022","36,135","32,172","3,963","52,115","52,056",59,"7,116","4,733","2,383","4,327","1,982","2,345","2,789","2,751",38,"2,399","2,268",131,"2,626","2,367",259,133,128,5,"2,493","2,239",254,"2,470","2,463",7,10,9,1,"2,460","2,454",6,"3,013","3,006",7
OH,2015,9,"11,182","10,083","1,099","7,565","6,590",975,"3,617","3,493",124,"1,275",887,388,"1,160",782,378,115,105,10,"1,183","1,073",110,770,665,105,49,47,2,721,618,103,237,236,1,3,3,0,234,233,1,355,352,3
OK,2015,8,"3,777","2,999",778,"2,781","2,111",670,996,888,108,581,342,239,508,289,219,73,53,20,351,253,98,460,315,145,84,40,44,376,275,101,50,48,2,0,0,0,50,48,2,92,91,1
OR,2015,7,"13,226","5,831","7,395","9,461","4,048","5,413","3,765","1,783","1,982","4,011","1,008","3,003","3,521",921,"2,600",490,87,403,"1,464",769,695,"1,350",448,902,388,62,326,962,386,576,135,88,47,0,0,0,135,88,47,155,101,54
PA,2015,16,"15,421","13,993","1,428","8,605","7,276","1,329","6,816","6,717",99,"1,590","1,040",550,"1,442",909,533,148,131,17,"1,375","1,295",80,871,745,126,37,28,9,834,717,117,573,573,0,4,4,0,569,569,0,792,792,0
PR,2015,2,"4,518","1,421","3,097","3,929","1,029","2,900",589,392,197,"1,756",195,"1,561","1,615",195,"1,420",141,0,141,164,55,109,173,62,111,13,11,2,160,51,109,35,31,4,0,0,0,35,31,4,57,49,8
RI,2015,1,"1,111","1,075",36,706,673,33,405,402,3,130,118,12,110,100,10,20,18,2,107,105,2,47,39,8,4,4,0,43,35,8,35,35,0,0,0,0,35,35,0,44,44,0
SC,2015,4,"5,354","3,458","1,896","3,934","2,465","1,469","1,420",993,427,"1,020",525,495,916,456,460,104,69,35,681,470,211,195,126,69,13,12,1,182,114,68,63,59,4,1,0,1,62,59,3,95,87,8
SD,2015,1,"1,036",900,136,630,506,124,406,394,12,95,67,28,85,59,26,10,8,2,177,170,7,108,83,25,8,8,0,100,75,25,29,29,0,0,0,0,29,29,0,36,36,0
TN,2015,10,"9,123","5,879","3,244","6,516","4,075","2,441","2,607","1,804",803,"1,650",702,948,"1,492",648,844,158,54,104,945,756,189,673,454,219,14,3,11,659,451,208,65,36,29,0,0,0,65,36,29,94,49,45
TX,2015,11,"23,678","16,192","7,486","16,265","9,234","7,031","7,413","6,958",455,"4,304","1,915","2,389","3,778","1,543","2,235",526,372,154,"2,393","1,490",903,"1,416",797,619,218,185,33,"1,198",612,586,161,158,3,3,3,0,158,155,3,252,244,8
UT,2015,3,"3,025","2,799",226,"1,809","1,605",204,"1,216","1,194",22,233,215,18,178,165,13,55,50,5,337,313,24,132,106,26,11,11,0,121,95,26,34,34,0,0,0,0,34,34,0,40,40,0
VA,2015,16,"7,001","6,190",811,"4,190","3,434",756,"2,811","2,756",55,"1,158",789,369,"1,041",702,339,117,87,30,604,513,91,330,288,42,12,12,0,318,276,42,129,127,2,0,0,0,129,127,2,187,186,1
VI,2015,1,337,85,252,308,56,252,29,29,0,22,4,18,22,4,18,0,0,0,34,4,30,12,4,8,0,0,0,12,4,8,0,0,0,0,0,0,0,0,0,0,0,0
VT,2015,2,"1,523","1,373",150,910,775,135,613,598,15,166,111,55,139,84,55,27,27,0,119,113,6,101,87,14,4,3,1,97,84,13,34,34,0,1,1,0,33,33,0,35,35,0
WA,2015,7,"19,419","12,298","7,121","12,526","6,200","6,326","6,893","6,098",795,"2,482","1,027","1,455","2,261",908,"1,353",221,119,102,"1,293",886,407,"1,341",700,641,154,91,63,"1,187",609,578,310,296,14,12,11,1,298,285,13,351,342,9
WI,2015,4,"6,057","5,615",442,"2,992","2,647",345,"3,065","2,968",97,464,377,87,361,277,84,103,100,3,534,515,19,334,287,47,33,25,8,301,262,39,195,184,11,0,0,0,195,184,11,284,270,14
WV,2015,4,"1,835","1,403",432,"1,414","1,049",365,421,354,67,386,226,160,352,192,160,34,34,0,305,227,78,145,103,42,11,11,0,134,92,42,23,16,7,3,3,0,20,13,7,29,21,8
WY,2015,1,798,507,291,500,292,208,298,215,83,102,37,65,86,35,51,16,2,14,112,83,29,37,26,11,4,2,2,33,24,9,12,11,1,0,0,0,12,11,1,20,19,1
AK,2014,2,"1,784","1,639",145,"1,209","1,109",100,575,530,45,206,137,69,182,119,63,24,18,6,178,160,18,,,,,,,,,,,,,,,,,,,,,
AL,2014,8,"4,561","3,518","1,043","3,115","2,373",742,"1,446","1,145",301,729,283,446,618,245,373,111,38,73,542,450,92,,,,,,,,,,,,,,,,,,,,,
AR,2014,6,"2,936","1,503","1,433","2,303","1,070","1,233",633,433,200,519,85,434,516,82,434,3,3,0,361,220,141,,,,,,,,,,,,,,,,,,,,,
AZ,2014,3,"10,495","7,926","2,569","6,194","3,851","2,343","4,301","4,075",226,959,316,643,904,303,601,55,13,42,858,635,223,,,,,,,,,,,,,,,,,,,,,
CA,2014,40,"113,952","42,515","71,437","90,765","24,857","65,908","23,187","17,658","5,529","31,078","5,131","25,947","28,200","4,417","23,783","2,878",714,"2,164","12,096","4,457","7,639",,,,,,,,,,,,,,,,,,,,,
CO,2014,3,"10,028","8,083","1,945","5,573","4,035","1,538","4,455","4,048",407,"1,621",747,874,"1,335",635,700,286,112,174,753,528,225,,,,,,,,,,,,,,,,,,,,,
CT,2014,6,"4,450","3,531",919,"3,069","2,243",826,"1,381","1,288",93,"1,215",847,368,"1,026",696,330,189,151,38,295,221,74,,,,,,,,,,,,,,,,,,,,,
DC,2014,1,"7,748","7,352",396,"3,953","3,557",396,"3,795","3,795",0,"2,029","1,694",335,"1,609","1,274",335,420,420,0,406,375,31,,,,,,,,,,,,,,,,,,,,,
DE,2014,1,901,864,37,584,554,30,317,310,7,91,82,9,88,79,9,3,3,0,93,89,4,,,,,,,,,,,,,,,,,,,,,
FL,2014,28,"41,542","19,851","21,691","28,730","12,886","15,844","12,812","6,965","5,847","7,989","1,903","6,086","6,843","1,717","5,126","1,146",186,960,"4,552","2,424","2,128",,,,,,,,,,,,,,,,,,,,,
GA,2014,9,"16,521","8,214","8,307","12,403","4,932","7,471","4,118","3,282",836,"3,004",945,"2,059","2,645",862,"1,783",359,83,276,"1,443",647,796,,,,,,,,,,,,,,,,,,,,,
GU,2014,1,"1,356",126,"1,230",332,37,295,"1,024",89,935,67,0,67,24,0,24,43,0,43,36,6,30,,,,,,,,,,,,,,,,,,,,,
HI,2014,2,"6,918","3,813","3,105","3,750","1,164","2,586","3,168","2,649",519,"1,301",199,"1,102","1,109",145,964,192,54,138,593,247,346,,,,,,,,,,,,,,,,,,,,,
IA,2014,3,"3,122","2,926",196,"1,544","1,368",176,"1,578","1,558",20,244,154,90,211,121,90,33,33,0,202,177,25,,,,,,,,,,,,,,,,,,,,,
ID,2014,2,"2,104","1,468",636,"1,234",848,386,870,620,250,244,105,139,156,69,87,88,36,52,215,135,80,,,,,,,,,,,,,,,,,,,,,
IL,2014,20,"13,107","11,409","1,698","7,350","5,793","1,557","5,757","5,616",141,"1,488","1,010",478,"1,349",891,458,139,119,20,"1,234",913,321,,,,,,,,,,,,,,,,,,,,,
IN,2014,3,"5,971","5,568",403,"3,953","3,560",393,"2,018","2,008",10,596,485,111,542,433,109,54,52,2,725,687,38,,,,,,,,,,,,,,,,,,,,,
KS*,2014,5,"2,783","2,534",249,"1,533","1,295",238,"1,250","1,239",11,320,212,108,290,184,106,30,28,2,393,356,37,,,,,,,,,,,,,,,,,,,,,
KY,2014,3,"5,089","4,258",831,"3,352","2,805",547,"1,737","1,453",284,727,499,228,614,424,190,113,75,38,600,558,42,,,,,,,,,,,,,,,,,,,,,
LA,2014,9,"4,606","3,503","1,103","3,444","2,364","1,080","1,162","1,139",23,776,262,514,743,232,511,33,30,3,437,332,105,,,,,,,,,,,,,,,,,,,,,
MA,2014,18,"21,237","20,478",759,"6,788","6,041",747,"14,449","14,437",12,"3,311","3,006",305,"1,590","1,285",305,"1,721","1,721",0,"1,264","1,234",30,,,,,,,,,,,,,,,,,,,,,
MD,2014,16,"7,856","6,267","1,589","4,980","3,872","1,108","2,876","2,395",481,"1,740","1,135",605,"1,515",997,518,225,138,87,654,555,99,,,,,,,,,,,,,,,,,,,,,
ME,2014,2,"2,726","2,633",93,"1,348","1,282",66,"1,378","1,351",27,244,218,26,218,200,18,26,18,8,152,138,14,,,,,,,,,,,,,,,,,,,,,
MI,2014,21,"12,227","10,075","2,152","7,535","5,916","1,619","4,692","4,159",533,"1,293",825,468,"1,160",745,415,133,80,53,"1,122",994,128,,,,,,,,,,,,,,,,,,,,,
MN,2014,10,"8,377","7,582",795,"3,652","3,006",646,"4,725","4,576",149,"1,235",889,346,885,562,323,350,327,23,317,263,54,,,,,,,,,,,,,,,,,,,,,
MO,2014,8,"7,282","6,309",973,"4,307","3,651",656,"2,975","2,658",317,997,714,283,735,469,266,262,245,17,652,563,89,,,,,,,,,,,,,,,,,,,,,
MP,2014,0,.,.,.,.,.,.,.,.,.,.,.,.,.,.,.,.,.,.,.,.,.,,,,,,,,,,,,,,,,,,,,,
MS,2014,3,"2,226","1,405",821,"1,714",933,781,512,472,40,282,79,203,275,74,201,7,5,2,279,221,58,,,,,,,,,,,,,,,,,,,,,
MT,2014,1,"1,745",911,834,"1,167",493,674,578,418,160,270,77,193,256,71,185,14,6,8,256,94,162,,,,,,,,,,,,,,,,,,,,,
NC,2014,12,"11,491","8,874","2,617","7,498","5,738","1,760","3,993","3,136",857,"1,431",720,711,"1,284",639,645,147,81,66,"1,164",982,182,,,,,,,,,,,,,,,,,,,,,
ND,2014,1,"1,258",794,464,886,526,360,372,268,104,115,101,14,111,97,14,4,4,0,151,117,34,,,,,,,,,,,,,,,,,,,,,
NE,2014,3,"3,026","2,917",109,"1,893","1,788",105,"1,133","1,129",4,426,397,29,365,336,29,61,61,0,241,224,17,,,,,,,,,,,,,,,,,,,,,
NH,2014,3,"1,376","1,243",133,795,676,119,581,567,14,338,286,52,301,251,50,37,35,2,171,162,9,,,,,,,,,,,,,,,,,,,,,
NJ,2014,17,"11,671","10,736",935,"6,446","5,536",910,"5,225","5,200",25,"1,399","1,007",392,"1,150",760,390,249,247,2,630,554,76,,,,,,,,,,,,,,,,,,,,,
NM,2014,2,"2,746","2,318",428,"1,804","1,429",375,942,889,53,709,490,219,617,458,159,92,32,60,318,258,60,,,,,,,,,,,,,,,,,,,,,
NV,2014,3,"8,582","4,797","3,785","7,356","3,571","3,785","1,226","1,226",0,705,104,601,697,96,601,8,8,0,"1,036",546,490,,,,,,,,,,,,,,,,,,,,,
NY,2014,29,"80,590","76,487","4,103","32,643","28,600","4,043","47,947","47,887",60,"7,212","4,783","2,429","4,350","1,947","2,403","2,862","2,836",26,"2,542","2,085",457,,,,,,,,,,,,,,,,,,,,,
OH,2014,9,"11,823","10,720","1,103","7,704","6,769",935,"4,119","3,951",168,"1,481","1,009",472,"1,340",894,446,141,115,26,"1,236","1,102",134,,,,,,,,,,,,,,,,,,,,,
OK,2014,8,"4,191","3,259",932,"2,964","2,291",673,"1,227",968,259,671,416,255,585,366,219,86,50,36,408,273,135,,,,,,,,,,,,,,,,,,,,,
OR,2014,7,"12,164","6,101","6,063","7,988","3,665","4,323","4,176","2,436","1,740","2,695",577,"2,118","2,207",505,"1,702",488,72,416,"1,292",702,590,,,,,,,,,,,,,,,,,,,,,
PA,2014,18,"15,333","14,301","1,032","8,359","7,420",939,"6,974","6,881",93,"1,607","1,134",473,"1,449",983,466,158,151,7,"1,411","1,336",75,,,,,,,,,,,,,,,,,,,,,
PR,2014,2,"4,132","1,406","2,726","3,432","1,019","2,413",700,387,313,"2,063",194,"1,869","1,567",194,"1,373",496,0,496,87,45,42,,,,,,,,,,,,,,,,,,,,,
RI,2014,1,"1,190","1,170",20,779,761,18,411,409,2,204,198,6,204,198,6,0,0,0,108,108,0,,,,,,,,,,,,,,,,,,,,,
SC,2014,4,"5,057","3,249","1,808","3,813","2,252","1,561","1,244",997,247,273,100,173,273,100,173,0,0,0,703,399,304,,,,,,,,,,,,,,,,,,,,,
SD,2014,1,885,830,55,490,450,40,395,380,15,118,92,26,81,68,13,37,24,13,132,128,4,,,,,,,,,,,,,,,,,,,,,
TN,2014,10,"9,415","6,383","3,032","6,800","4,693","2,107","2,615","1,690",925,"2,195","1,364",831,"1,904","1,169",735,291,195,96,"1,142",920,222,,,,,,,,,,,,,,,,,,,,,
TX,2014,12,"28,495","18,228","10,267","19,177","9,758","9,419","9,318","8,470",848,"5,416","2,231","3,185","4,952","1,892","3,060",464,339,125,"2,718","1,576","1,142",,,,,,,,,,,,,,,,,,,,,
UT,2014,3,"3,081","2,768",313,"1,729","1,540",189,"1,352","1,228",124,422,380,42,386,346,40,36,34,2,317,293,24,,,,,,,,,,,,,,,,,,,,,
VA,2014,16,"7,020","6,330",690,"4,234","3,570",664,"2,786","2,760",26,"1,021",730,291,965,674,291,56,56,0,620,535,85,,,,,,,,,,,,,,,,,,,,,
VI,2014,1,448,85,363,425,62,363,23,23,0,88,1,87,88,1,87,0,0,0,32,1,31,,,,,,,,,,,,,,,,,,,,,
VT,2014,2,"1,559","1,396",163,823,704,119,736,692,44,283,228,55,199,159,40,84,69,15,120,111,9,,,,,,,,,,,,,,,,,,,,,
WA,2014,7,"18,442","12,540","5,902","11,390","6,257","5,133","7,052","6,283",769,"2,535","1,129","1,406","2,311","1,015","1,296",224,114,110,"1,433","1,089",344,,,,,,,,,,,,,,,,,,,,,
WI,2014,4,"6,055","5,712",343,"2,929","2,676",253,"3,126","3,036",90,524,447,77,436,359,77,88,88,0,520,496,24,,,,,,,,,,,,,,,,,,,,,
WV,2014,4,"2,013","1,583",430,"1,488","1,175",313,525,408,117,482,304,178,424,279,145,58,25,33,333,303,30,,,,,,,,,,,,,,,,,,,,,
WY,2014,1,757,563,194,463,327,136,294,236,58,144,104,40,105,86,19,39,18,21,116,95,21,,,,,,,,,,,,,,,,,,,,,
AK,2013,2,"1,946","1,741",205,"1,362","1,208",154,584,533,51,184,138,46,166,124,42,18,14,4,210,188,22,,,,,,,,,,,,,,,,,,,,,
AL,2013,8,"4,689","3,246","1,443","3,387","2,212","1,175","1,302","1,034",268,858,295,563,768,249,519,90,46,44,511,363,148,,,,,,,,,,,,,,,,,,,,,
AR,2013,6,"3,812","1,664","2,148","3,174","1,177","1,997",638,487,151,602,171,431,565,142,423,37,29,8,462,326,136,,,,,,,,,,,,,,,,,,,,,
AZ,2013,3,"10,562","7,431","3,131","6,510","3,662","2,848","4,052","3,769",283,"1,188",520,668,"1,064",450,614,124,70,54,"1,222",901,321,,,,,,,,,,,,,,,,,,,,,
CA,2013,40,"118,552","45,554","72,998","93,458","26,426","67,032","25,094","19,128","5,966","33,112","5,251","27,861","29,248","4,177","25,071","3,864","1,074","2,790","12,895","4,886","8,009",,,,,,,,,,,,,,,,,,,,,
CO,2013,3,"9,754","7,591","2,163","4,664","3,075","1,589","5,090","4,516",574,"1,780",846,934,"1,354",665,689,426,181,245,685,452,233,,,,,,,,,,,,,,,,,,,,,
CT,2013,6,"4,448","3,529",919,"3,101","2,275",826,"1,347","1,254",93,"1,046",678,368,872,542,330,174,136,38,341,267,74,,,,,,,,,,,,,,,,,,,,,
DC,2013,1,"6,865","6,353",512,"3,696","3,184",512,"3,169","3,169",0,"2,027","1,566",461,"1,764","1,303",461,263,263,0,499,435,64,,,,,,,,,,,,,,,,,,,,,
DE,2013,1,946,936,10,575,565,10,371,371,0,71,68,3,65,62,3,6,6,0,89,86,3,,,,,,,,,,,,,,,,,,,,,
FL,2013,28,"47,862","19,670","28,192","31,359","12,330","19,029","16,503","7,340","9,163","9,647","1,873","7,774","7,778","1,608","6,170","1,869",265,"1,604","5,505","2,328","3,177",,,,,,,,,,,,,,,,,,,,,
GA,2013,9,"16,971","8,510","8,461","12,880","5,250","7,630","4,091","3,260",831,"3,082",936,"2,146","2,713",842,"1,871",369,94,275,"1,805",900,905,,,,,,,,,,,,,,,,,,,,,
GU,2013,1,"1,271",128,"1,143",296,35,261,975,93,882,290,1,289,51,1,50,239,0,239,32,2,30,,,,,,,,,,,,,,,,,,,,,
HI,2013,2,"6,335","3,745","2,590","3,355","1,142","2,213","2,980","2,603",377,"1,180",273,907,"1,031",212,819,149,61,88,558,234,324,,,,,,,,,,,,,,,,,,,,,
IA,2013,3,"3,084","2,950",134,"1,524","1,392",132,"1,560","1,558",2,327,258,69,277,208,69,50,50,0,229,220,9,,,,,,,,,,,,,,,,,,,,,
ID,2013,2,"1,781","1,404",377,"1,084",775,309,697,629,68,271,165,106,193,105,88,78,60,18,208,162,46,,,,,,,,,,,,,,,,,,,,,
IL,2013,20,"13,425","11,229","2,196","7,958","6,104","1,854","5,467","5,125",342,"1,574",980,594,"1,403",890,513,171,90,81,"1,267",882,385,,,,,,,,,,,,,,,,,,,,,
IN,2013,3,"6,096","5,396",700,"3,751","3,167",584,"2,345","2,229",116,580,409,171,511,343,168,69,66,3,743,666,77,,,,,,,,,,,,,,,,,,,,,
KS,2013,5,"2,693","2,382",311,"1,480","1,238",242,"1,213","1,144",69,356,249,107,304,204,100,52,45,7,414,384,30,,,,,,,,,,,,,,,,,,,,,
KY,2013,3,"5,245","4,491",754,"3,302","2,733",569,"1,943","1,758",185,541,268,273,394,219,175,147,49,98,607,510,97,,,,,,,,,,,,,,,,,,,,,
LA,2013,9,"5,226","3,651","1,575","3,908","2,401","1,507","1,318","1,250",68,"1,115",245,870,"1,015",227,788,100,18,82,575,383,192,,,,,,,,,,,,,,,,,,,,,
MA,2013,18,"19,029","18,179",850,"6,694","5,883",811,"12,335","12,296",39,"2,115","1,715",400,"1,577","1,180",397,538,535,3,"1,253","1,204",49,,,,,,,,,,,,,,,,,,,,,
MD,2013,16,"8,205","6,283","1,922","5,221","3,717","1,504","2,984","2,566",418,"1,480",862,618,"1,249",725,524,231,137,94,673,563,110,,,,,,,,,,,,,,,,,,,,,
ME,2013,2,"3,016","2,954",62,"1,563","1,518",45,"1,453","1,436",17,176,176,0,159,159,0,17,17,0,164,150,14,,,,,,,,,,,,,,,,,,,,,
MI,2013,21,"11,527","9,339","2,188","7,236","5,519","1,717","4,291","3,820",471,"1,106",666,440,969,578,391,137,88,49,"1,100",945,155,,,,,,,,,,,,,,,,,,,,,
MN,2013,10,"8,214","7,299",915,"3,728","3,023",705,"4,486","4,276",210,"1,350","1,001",349,915,622,293,435,379,56,349,286,63,,,,,,,,,,,,,,,,,,,,,
MO,2013,8,"8,581","6,501","2,080","4,652","3,365","1,287","3,929","3,136",793,"1,037",601,436,695,394,301,342,207,135,843,667,176,,,,,,,,,,,,,,,,,,,,,
MP,2013,0,.,.,.,.,.,.,.,.,.,.,.,.,.,.,.,.,.,.,.,.,.,,,,,,,,,,,,,,,,,,,,,
MS,2013,3,"2,403","1,083","1,320","1,753",648,"1,105",650,435,215,475,68,407,408,61,347,67,7,60,210,129,81,,,,,,,,,,,,,,,,,,,,,
MT,2013,1,"1,878","1,094",784,"1,211",574,637,667,520,147,227,65,162,210,55,155,17,10,7,309,118,191,,,,,,,,,,,,,,,,,,,,,
NC,2013,12,"12,168","9,013","3,155","7,530","5,383","2,147","4,638","3,630","1,008","1,842",802,"1,040","1,451",675,776,391,127,264,"1,123",934,189,,,,,,,,,,,,,,,,,,,,,
ND,2013,1,"2,069",674,"1,395","1,230",443,787,839,231,608,179,68,111,110,68,42,69,0,69,241,60,181,,,,,,,,,,,,,,,,,,,,,
NE,2013,3,"3,145","2,972",173,"1,892","1,733",159,"1,253","1,239",14,414,342,72,339,273,66,75,69,6,183,161,22,,,,,,,,,,,,,,,,,,,,,
NH,2013,3,"1,447","1,245",202,798,626,172,649,619,30,255,135,120,226,118,108,29,17,12,125,112,13,,,,,,,,,,,,,,,,,,,,,
NJ,2013,17,"12,002","10,603","1,399","6,093","4,916","1,177","5,909","5,687",222,"1,237",847,390,"1,002",638,364,235,209,26,540,420,120,,,,,,,,,,,,,,,,,,,,,
NM,2013,2,"2,819","2,391",428,"1,786","1,411",375,"1,033",980,53,525,306,219,399,240,159,126,66,60,243,183,60,,,,,,,,,,,,,,,,,,,,,
NV,2013,3,"7,039","3,698","3,341","6,200","2,899","3,301",839,799,40,724,377,347,718,375,343,6,2,4,790,477,313,,,,,,,,,,,,,,,,,,,,,
NY,2013,30,"77,430","73,273","4,157","31,235","27,214","4,021","46,195","46,059",136,"6,317","3,885","2,432","4,045","1,673","2,372","2,272","2,212",60,"4,659","4,201",458,,,,,,,,,,,,,,,,,,,,,
OH,2013,9,"12,325","10,987","1,338","7,611","6,472","1,139","4,714","4,515",199,"1,753","1,207",546,"1,677","1,135",542,76,72,4,"1,212","1,050",162,,,,,,,,,,,,,,,,,,,,,
OK,2013,8,"4,408","3,262","1,146","3,179","2,320",859,"1,229",942,287,719,330,389,617,260,357,102,70,32,437,338,99,,,,,,,,,,,,,,,,,,,,,
OR,2013,7,"13,822","6,432","7,390","8,994","3,602","5,392","4,828","2,830","1,998","3,043",723,"2,320","2,444",588,"1,856",599,135,464,"1,494",709,785,,,,,,,,,,,,,,,,,,,,,
PA,2013,18,"15,086","13,727","1,359","7,973","6,767","1,206","7,113","6,960",153,"1,681","1,010",671,"1,536",889,647,145,121,24,"1,462","1,290",172,,,,,,,,,,,,,,,,,,,,,
PR,2013,2,"4,128","1,402","2,726","3,470","1,057","2,413",658,345,313,"2,130",261,"1,869","1,629",256,"1,373",501,5,496,82,40,42,,,,,,,,,,,,,,,,,,,,,
RI,2013,1,"1,384","1,267",117,862,753,109,522,514,8,251,198,53,243,190,53,8,8,0,97,95,2,,,,,,,,,,,,,,,,,,,,,
SC,2013,4,"6,544","3,411","3,133","4,736","2,339","2,397","1,808","1,072",736,483,143,340,453,125,328,30,18,12,636,345,291,,,,,,,,,,,,,,,,,,,,,
SD,2013,1,"1,094",755,339,557,394,163,537,361,176,217,71,146,117,42,75,100,29,71,125,106,19,,,,,,,,,,,,,,,,,,,,,
TN,2013,10,"9,528","6,321","3,207","6,909","4,632","2,277","2,619","1,689",930,"2,219","1,162","1,057","1,929","1,079",850,290,83,207,991,728,263,,,,,,,,,,,,,,,,,,,,,
TX,2013,12,"29,615","17,525","12,090","20,758","9,681","11,077","8,857","7,844","1,013","5,535","2,168","3,367","4,770","1,677","3,093",765,491,274,"3,878","2,007","1,871",,,,,,,,,,,,,,,,,,,,,
UT,2013,3,"3,277","2,859",418,"1,959","1,593",366,"1,318","1,266",52,454,349,105,347,268,79,107,81,26,327,290,37,,,,,,,,,,,,,,,,,,,,,
VA,2013,16,"7,625","6,603","1,022","4,532","3,587",945,"3,093","3,016",77,"1,356",875,481,"1,262",797,465,94,78,16,719,625,94,,,,,,,,,,,,,,,,,,,,,
VI,2013,1,482,119,363,444,81,363,38,38,0,87,0,87,87,0,87,0,0,0,33,2,31,,,,,,,,,,,,,,,,,,,,,
VT,2013,2,"1,454","1,270",184,701,547,154,753,723,30,217,140,77,183,110,73,34,30,4,128,111,17,,,,,,,,,,,,,,,,,,,,,
WA,2013,7,"17,760","12,707","5,053","10,617","6,032","4,585","7,143","6,675",468,"2,196","1,076","1,120","1,927",955,972,269,121,148,"1,318","1,058",260,,,,,,,,,,,,,,,,,,,,,
WI,2013,4,"6,104","5,736",368,"3,005","2,703",302,"3,099","3,033",66,521,383,138,449,313,136,72,70,2,552,528,24,,,,,,,,,,,,,,,,,,,,,
WV,2013,4,"2,240","1,612",628,"1,544","1,038",506,696,574,122,432,250,182,390,211,179,42,39,3,329,292,37,,,,,,,,,,,,,,,,,,,,,
WY,2013,1,953,501,452,677,306,371,276,195,81,244,116,128,221,116,105,23,0,23,137,110,27,,,,,,,,,,,,,,,,,,,,,
AK,2012,2,"1,913","1,716",197,"1,298","1,157",141,615,559,56,279,263,16,273,257,16,6,6,0,256,227,29,,,,,,,,,,,,,,,,,,,,,
AL,2012,8,"5,209","3,664","1,545","3,825","2,573","1,252","1,384","1,091",293,969,353,616,910,331,579,59,22,37,526,377,149,,,,,,,,,,,,,,,,,,,,,
AR,2012,6,"4,214","1,602","2,612","3,428","1,191","2,237",786,411,375,437,171,266,361,142,219,76,29,47,362,205,157,,,,,,,,,,,,,,,,,,,,,
AZ,2012,3,"11,302","8,215","3,087","6,310","3,786","2,524","4,992","4,429",563,"1,895",615,"1,280","1,605",389,"1,216",290,226,64,"1,478","1,007",471,,,,,,,,,,,,,,,,,,,,,
CA,2012,42,"120,098","45,890","74,208","94,888","26,494","68,394","25,210","19,396","5,814","33,356","5,458","27,898","30,189","4,912","25,277","3,167",546,"2,621","14,611","4,512","10,099",,,,,,,,,,,,,,,,,,,,,
CO,2012,3,"16,768","7,260","9,508","5,101","2,847","2,254","11,667","4,413","7,254","1,943",784,"1,159","1,612",493,"1,119",331,291,40,"1,512",800,712,,,,,,,,,,,,,,,,,,,,,
CT,2012,7,"4,209","3,514",695,"2,906","2,252",654,"1,303","1,262",41,944,614,330,924,594,330,20,20,0,332,285,47,,,,,,,,,,,,,,,,,,,,,
DC,2012,1,"6,954","6,275",679,"3,767","3,088",679,"3,187","3,187",0,"2,315","1,773",542,"1,870","1,328",542,445,445,0,531,466,65,,,,,,,,,,,,,,,,,,,,,
DE,2012,1,"1,008",986,22,611,589,22,397,397,0,100,89,11,84,73,11,16,16,0,66,64,2,,,,,,,,,,,,,,,,,,,,,
FL,2012,28,"55,170","19,832","35,338","36,771","12,801","23,970","18,399","7,031","11,368","10,054","2,406","7,648","8,682","2,132","6,550","1,372",274,"1,098","5,331","2,201","3,130",,,,,,,,,,,,,,,,,,,,,
GA,2012,7,"20,516","8,320","12,196","15,363","4,816","10,547","5,153","3,504","1,649","3,843","1,426","2,417","3,016","1,030","1,986",827,396,431,"2,297","1,094","1,203",,,,,,,,,,,,,,,,,,,,,
GU,2012,1,"1,301",187,"1,114",255,65,190,"1,046",122,924,226,0,226,22,0,22,204,0,204,31,6,25,,,,,,,,,,,,,,,,,,,,,
HI,2012,2,"6,246","3,726","2,520","3,130","1,075","2,055","3,116","2,651",465,949,146,803,910,128,782,39,18,21,507,230,277,,,,,,,,,,,,,,,,,,,,,
IA,2012,3,"2,928","2,780",148,"1,446","1,302",144,"1,482","1,478",4,307,218,89,270,181,89,37,37,0,217,205,12,,,,,,,,,,,,,,,,,,,,,
ID,2012,2,"1,968","1,482",486,"1,175",787,388,793,695,98,252,111,141,200,90,110,52,21,31,260,184,76,,,,,,,,,,,,,,,,,,,,,
IL,2012,20,"14,144","11,149","2,995","8,269","5,808","2,461","5,875","5,341",534,"2,206","1,144","1,062","2,079","1,086",993,127,58,69,"1,147",813,334,,,,,,,,,,,,,,,,,,,,,
IN,2012,3,"6,259","5,370",889,"3,316","2,661",655,"2,943","2,709",234,545,369,176,461,285,176,84,84,0,687,547,140,,,,,,,,,,,,,,,,,,,,,
KS,2012,5,"2,684","2,350",334,"1,526","1,265",261,"1,158","1,085",73,371,275,96,307,218,89,64,57,7,373,329,44,,,,,,,,,,,,,,,,,,,,,
KY,2012,3,"5,230","4,319",911,"3,282","2,555",727,"1,948","1,764",184,629,423,206,497,347,150,132,76,56,440,369,71,,,,,,,,,,,,,,,,,,,,,
LA,2012,9,"7,772","3,807","3,965","6,322","2,438","3,884","1,450","1,369",81,"2,893",352,"2,541","2,743",280,"2,463",150,72,78,899,450,449,,,,,,,,,,,,,,,,,,,,,
MA,2012,19,"17,501","16,779",722,"6,289","5,577",712,"11,212","11,202",10,"2,055","1,723",332,"1,500","1,168",332,555,555,0,"1,181","1,126",55,,,,,,,,,,,,,,,,,,,,,
MD,2012,16,"9,454","5,942","3,512","5,727","3,445","2,282","3,727","2,497","1,230","1,407",559,848,"1,259",489,770,148,70,78,617,513,104,,,,,,,,,,,,,,,,,,,,,
ME,2012,2,"2,393","2,360",33,"1,287","1,254",33,"1,106","1,106",0,233,231,2,222,220,2,11,11,0,116,116,0,,,,,,,,,,,,,,,,,,,,,
MI,2012,21,"12,592","10,270","2,322","7,397","5,487","1,910","5,195","4,783",412,"1,370",843,527,"1,174",690,484,196,153,43,"1,017",835,182,,,,,,,,,,,,,,,,,,,,,
MN,2012,10,"7,744","6,754",990,"3,540","2,793",747,"4,204","3,961",243,"1,718","1,346",372,"1,004",700,304,714,646,68,309,243,66,,,,,,,,,,,,,,,,,,,,,
MO,2012,8,"10,237","7,893","2,344","4,855","3,531","1,324","5,382","4,362","1,020","1,632","1,028",604,906,609,297,726,419,307,899,714,185,,,,,,,,,,,,,,,,,,,,,
MP,2012,0,.,.,.,.,.,.,.,.,.,.,.,.,.,.,.,.,.,.,.,.,.,,,,,,,,,,,,,,,,,,,,,
MS,2012,3,"2,413","1,042","1,371","1,794",626,"1,168",619,416,203,501,67,434,450,55,395,51,12,39,244,71,173,,,,,,,,,,,,,,,,,,,,,
MT,2012,1,"1,833","1,153",680,"1,166",653,513,667,500,167,388,213,175,304,161,143,84,52,32,323,147,176,,,,,,,,,,,,,,,,,,,,,
NC,2012,12,"13,524","8,809","4,715","8,480","5,461","3,019","5,044","3,348","1,696","1,621",702,919,"1,465",641,824,156,61,95,"1,413","1,091",322,,,,,,,,,,,,,,,,,,,,,
ND,2012,1,688,635,53,485,445,40,203,190,13,86,78,8,81,75,6,5,3,2,160,144,16,,,,,,,,,,,,,,,,,,,,,
NE,2012,3,"3,789","2,957",832,"2,215","1,861",354,"1,574","1,096",478,501,333,168,396,288,108,105,45,60,249,213,36,,,,,,,,,,,,,,,,,,,,,
NH,2012,3,"1,496","1,329",167,832,683,149,664,646,18,274,180,94,237,151,86,37,29,8,127,116,11,,,,,,,,,,,,,,,,,,,,,
NJ,2012,19,"13,025","11,429","1,596","6,603","5,387","1,216","6,422","6,042",380,"1,026",717,309,881,609,272,145,108,37,592,465,127,,,,,,,,,,,,,,,,,,,,,
NM,2012,2,"3,245","2,397",848,"2,136","1,471",665,"1,109",926,183,"1,072",613,459,973,566,407,99,47,52,345,202,143,,,,,,,,,,,,,,,,,,,,,
NV,2012,3,"8,497","3,970","4,527","7,493","2,999","4,494","1,004",971,33,"1,725",599,"1,126","1,603",480,"1,123",122,119,3,"1,229",691,538,,,,,,,,,,,,,,,,,,,,,
NY,2012,31,"69,566","65,482","4,084","30,133","26,097","4,036","39,433","39,385",48,"4,897","2,461","2,436","4,324","1,902","2,422",573,559,14,"4,961","4,370",591,,,,,,,,,,,,,,,,,,,,,
OH,2012,9,"13,977","12,246","1,731","7,855","6,432","1,423","6,122","5,814",308,"1,982","1,367",615,"1,788","1,196",592,194,171,23,"1,244","1,034",210,,,,,,,,,,,,,,,,,,,,,
OK,2012,8,"5,032","3,043","1,989","3,454","2,073","1,381","1,578",970,608,569,287,282,481,237,244,88,50,38,404,299,105,,,,,,,,,,,,,,,,,,,,,
OR,2012,7,"15,828","6,545","9,283","9,788","3,492","6,296","6,040","3,053","2,987","3,302",754,"2,548","2,782",654,"2,128",520,100,420,"1,356",558,798,,,,,,,,,,,,,,,,,,,,,
PA,2012,18,"14,736","13,660","1,076","7,295","6,316",979,"7,441","7,344",97,"2,106","1,121",985,"1,564",971,593,542,150,392,"1,456","1,321",135,,,,,,,,,,,,,,,,,,,,,
PR,2012,2,"3,212","1,346","1,866","2,494",944,"1,550",718,402,316,"3,251",251,"3,000","1,597",199,"1,398","1,654",52,"1,602",116,29,87,,,,,,,,,,,,,,,,,,,,,
RI,2012,1,"1,277","1,249",28,788,760,28,489,489,0,154,154,0,148,148,0,6,6,0,96,96,0,,,,,,,,,,,,,,,,,,,,,
SC,2012,4,"4,915","2,776","2,139","3,327","1,789","1,538","1,588",987,601,528,114,414,388,113,275,140,1,139,543,320,223,,,,,,,,,,,,,,,,,,,,,
SD,2012,1,859,795,64,512,465,47,347,330,17,138,125,13,113,100,13,25,25,0,124,114,10,,,,,,,,,,,,,,,,,,,,,
TN,2012,10,"9,426","5,778","3,648","6,905","4,167","2,738","2,521","1,611",910,"2,266","1,126","1,140","2,114","1,053","1,061",152,73,79,"1,285",973,312,,,,,,,,,,,,,,,,,,,,,
TX,2012,14,"34,052","17,501","16,551","20,743","9,030","11,713","13,309","8,471","4,838","6,650","2,180","4,470","6,115","1,860","4,255",535,320,215,"4,364","1,884","2,480",,,,,,,,,,,,,,,,,,,,,
UT,2012,3,"3,527","3,052",475,"2,049","1,641",408,"1,478","1,411",67,443,299,144,331,240,91,112,59,53,330,297,33,,,,,,,,,,,,,,,,,,,,,
VA,2012,19,"8,424","6,995","1,429","5,084","3,799","1,285","3,340","3,196",144,"1,646","1,042",604,"1,531",969,562,115,73,42,881,727,154,,,,,,,,,,,,,,,,,,,,,
VI,2012,1,484,106,378,438,60,378,46,46,0,193,2,191,193,2,191,0,0,0,33,1,32,,,,,,,,,,,,,,,,,,,,,
VT,2012,2,"1,160",937,223,653,483,170,507,454,53,228,153,75,190,128,62,38,25,13,109,93,16,,,,,,,,,,,,,,,,,,,,,
WA,2012,7,"20,504","15,027","5,477","11,273","6,444","4,829","9,231","8,583",648,"2,213","1,227",986,"2,041","1,138",903,172,89,83,"1,475","1,097",378,,,,,,,,,,,,,,,,,,,,,
WI,2012,4,"6,027","5,446",581,"3,033","2,619",414,"2,994","2,827",167,487,361,126,377,270,107,110,91,19,539,525,14,,,,,,,,,,,,,,,,,,,,,
WV,2012,4,"2,410","1,533",877,"1,742","1,033",709,668,500,168,410,215,195,346,172,174,64,43,21,268,219,49,,,,,,,,,,,,,,,,,,,,,
WY,2012,1,"1,813",475,"1,338","1,302",292,"1,010",511,183,328,452,99,353,375,97,278,77,2,75,311,128,183,,,,,,,,,,,,,,,,,,,,,
AK,2011,2,"2,128","1,760",368,"1,286","1,042",244,842,718,124,253,194,59,226,169,57,27,25,2,288,236,52,,,,,,,,,,,,,,,,,,,,,
AL,2011,8,"5,558","3,749","1,809","4,325","2,782","1,543","1,233",967,266,"1,114",418,696,"1,046",396,650,68,22,46,659,387,272,,,,,,,,,,,,,,,,,,,,,
AR,2011,7,"3,424","1,802","1,622","2,505","1,320","1,185",919,482,437,607,328,279,500,267,233,107,61,46,411,268,143,,,,,,,,,,,,,,,,,,,,,
AZ,2011,3,"10,504","7,302","3,202","6,403","3,684","2,719","4,101","3,618",483,"2,283","1,028","1,255","1,939",738,"1,201",344,290,54,"1,528","1,018",510,,,,,,,,,,,,,,,,,,,,,
CA,2011,42,"125,128","50,691","74,437","97,964","29,028","68,936","27,164","21,663","5,501","34,589","7,039","27,550","30,807","5,826","24,981","3,782","1,213","2,569","16,783","6,689","10,094",,,,,,,,,,,,,,,,,,,,,
CO,2011,3,"15,116","6,146","8,970","4,546","2,651","1,895","10,570","3,495","7,075","1,495",549,946,"1,288",376,912,207,173,34,"2,074","1,381",693,,,,,,,,,,,,,,,,,,,,,
CT,2011,7,"4,456","3,761",695,"3,071","2,417",654,"1,385","1,344",41,"1,099",769,330,"1,043",713,330,56,56,0,443,396,47,,,,,,,,,,,,,,,,,,,,,
DC,2011,1,"6,546","6,241",305,"3,858","3,553",305,"2,688","2,688",0,"2,509","2,234",275,"2,093","1,818",275,416,416,0,515,490,25,,,,,,,,,,,,,,,,,,,,,
DE,2011,1,"1,035","1,013",22,663,641,22,372,372,0,70,59,11,70,59,11,0,0,0,55,53,2,,,,,,,,,,,,,,,,,,,,,
FL,2011,28,"56,687","20,824","35,863","37,584","13,934","23,650","19,103","6,890","12,213","11,638","3,577","8,061","10,263","3,195","7,068","1,375",382,993,"5,644","2,276","3,368",,,,,,,,,,,,,,,,,,,,,
GA,2011,7,"20,975","8,723","12,252","15,975","5,388","10,587","5,000","3,335","1,665","4,581","2,112","2,469","3,879","1,841","2,038",702,271,431,"2,243","1,025","1,218",,,,,,,,,,,,,,,,,,,,,
GU,2011,1,"1,745",204,"1,541",279,36,243,"1,466",168,"1,298",370,0,370,25,0,25,345,0,345,33,7,26,,,,,,,,,,,,,,,,,,,,,
HI,2011,2,"6,188","3,632","2,556","3,195","1,077","2,118","2,993","2,555",438,935,116,819,904,111,793,31,5,26,505,210,295,,,,,,,,,,,,,,,,,,,,,
IA,2011,3,"3,134","3,013",121,"1,628","1,518",110,"1,506","1,495",11,351,284,67,315,248,67,36,36,0,267,255,12,,,,,,,,,,,,,,,,,,,,,
ID,2011,2,"2,199","1,585",614,"1,310",841,469,889,744,145,308,149,159,236,129,107,72,20,52,250,169,81,,,,,,,,,,,,,,,,,,,,,
IL,2011,20,"14,009","11,089","2,920","8,173","5,692","2,481","5,836","5,397",439,"2,563","1,483","1,080","2,400","1,393","1,007",163,90,73,"1,081",765,316,,,,,,,,,,,,,,,,,,,,,
IN,2011,3,"6,196","5,550",646,"3,789","3,256",533,"2,407","2,294",113,602,425,177,602,425,177,0,0,0,714,638,76,,,,,,,,,,,,,,,,,,,,,
KS,2011,5,"2,511","2,222",289,"1,425","1,200",225,"1,086","1,022",64,338,252,86,280,205,75,58,47,11,384,342,42,,,,,,,,,,,,,,,,,,,,,
KY,2011,3,"6,034","5,183",851,"3,842","3,170",672,"2,192","2,013",179,784,577,207,659,508,151,125,69,56,636,579,57,,,,,,,,,,,,,,,,,,,,,
LA,2011,9,"9,291","3,405","5,886","7,941","2,197","5,744","1,350","1,208",142,"4,433",165,"4,268","4,352",158,"4,194",81,7,74,950,443,507,,,,,,,,,,,,,,,,,,,,,
MA,2011,20,"16,664","15,961",703,"6,344","5,672",672,"10,320","10,289",31,"2,061","1,711",350,"1,666","1,319",347,395,392,3,"1,268","1,210",58,,,,,,,,,,,,,,,,,,,,,
MD,2011,16,"10,208","6,496","3,712","6,353","3,957","2,396","3,855","2,539","1,316","1,800",898,902,"1,627",803,824,173,95,78,696,577,119,,,,,,,,,,,,,,,,,,,,,
ME,2011,3,"2,447","2,418",29,"1,184","1,157",27,"1,263","1,261",2,212,202,10,212,202,10,0,0,0,127,121,6,,,,,,,,,,,,,,,,,,,,,
MI,2011,21,"13,185","10,864","2,321","7,634","5,721","1,913","5,551","5,143",408,"1,764","1,258",506,"1,611","1,142",469,153,116,37,959,755,204,,,,,,,,,,,,,,,,,,,,,
MN,2011,10,"7,495","6,567",928,"3,410","2,718",692,"4,085","3,849",236,"1,862","1,518",344,"1,211",955,256,651,563,88,449,371,78,,,,,,,,,,,,,,,,,,,,,
MO,2011,8,"8,989","6,718","2,271","4,657","3,263","1,394","4,332","3,455",877,"1,418",929,489,"1,156",792,364,262,137,125,852,627,225,,,,,,,,,,,,,,,,,,,,,
MP,2011,0,.,.,.,.,.,.,.,.,.,.,.,.,.,.,.,.,.,.,.,.,.,,,,,,,,,,,,,,,,,,,,,
MS,2011,3,"2,306","1,056","1,250","1,825",734,"1,091",481,322,159,471,135,336,438,126,312,33,9,24,205,114,91,,,,,,,,,,,,,,,,,,,,,
MT,2011,1,"1,768","1,216",552,"1,094",636,458,674,580,94,324,149,175,203,76,127,121,73,48,251,135,116,,,,,,,,,,,,,,,,,,,,,
NC,2011,12,"12,896","9,245","3,651","8,303","6,035","2,268","4,593","3,210","1,383","1,476",916,560,"1,365",845,520,111,71,40,"1,248",941,307,,,,,,,,,,,,,,,,,,,,,
ND,2011,1,603,560,43,396,366,30,207,194,13,75,69,6,67,63,4,8,6,2,124,121,3,,,,,,,,,,,,,,,,,,,,,
NE,2011,3,"3,548","3,041",507,"2,210","1,872",338,"1,338","1,169",169,502,409,93,445,361,84,57,48,9,310,253,57,,,,,,,,,,,,,,,,,,,,,
NH,2011,3,"1,469","1,159",310,820,631,189,649,528,121,226,148,78,166,93,73,60,55,5,126,118,8,,,,,,,,,,,,,,,,,,,,,
NJ,2011,19,"14,137","12,830","1,307","6,841","5,960",881,"7,296","6,870",426,955,788,167,750,610,140,205,178,27,811,668,143,,,,,,,,,,,,,,,,,,,,,
NM,2011,2,"3,601","2,753",848,"2,246","1,581",665,"1,355","1,172",183,"1,117",658,459,971,564,407,146,94,52,364,221,143,,,,,,,,,,,,,,,,,,,,,
NV,2011,3,"9,150","4,545","4,605","7,973","3,403","4,570","1,177","1,142",35,"1,353",196,"1,157","1,342",187,"1,155",11,9,2,"1,240",692,548,,,,,,,,,,,,,,,,,,,,,
NY,2011,32,"63,445","59,778","3,667","27,338","23,842","3,496","36,107","35,936",171,"4,208","2,070","2,138","3,840","1,755","2,085",368,315,53,"5,765","5,246",519,,,,,,,,,,,,,,,,,,,,,
OH,2011,9,"13,030","11,224","1,806","7,812","6,329","1,483","5,218","4,895",323,"2,014","1,382",632,"1,881","1,288",593,133,94,39,"1,279","1,083",196,,,,,,,,,,,,,,,,,,,,,
OK,2011,8,"4,625","2,988","1,637","3,236","2,070","1,166","1,389",918,471,793,418,375,568,307,261,225,111,114,356,301,55,,,,,,,,,,,,,,,,,,,,,
OR,2011,7,"17,254","7,012","10,242","9,445","3,249","6,196","7,809","3,763","4,046","3,739",916,"2,823","3,017",704,"2,313",722,212,510,"1,474",655,819,,,,,,,,,,,,,,,,,,,,,
PA,2011,18,"15,096","14,036","1,060","7,867","6,872",995,"7,229","7,164",65,"1,719","1,139",580,"1,508",938,570,211,201,10,"1,392","1,262",130,,,,,,,,,,,,,,,,,,,,,
PR,2011,2,"2,900","1,034","1,866","2,346",796,"1,550",554,238,316,"3,564",564,"3,000","1,647",249,"1,398","1,917",315,"1,602",137,50,87,,,,,,,,,,,,,,,,,,,,,
RI,2011,1,"1,070","1,039",31,652,621,31,418,418,0,176,171,5,176,171,5,0,0,0,123,121,2,,,,,,,,,,,,,,,,,,,,,
SC,2011,4,"5,093","2,954","2,139","3,505","1,967","1,538","1,588",987,601,645,231,414,504,229,275,141,2,139,612,389,223,,,,,,,,,,,,,,,,,,,,,
SD,2011,1,826,762,64,460,413,47,366,349,17,34,21,13,34,21,13,0,0,0,109,99,10,,,,,,,,,,,,,,,,,,,,,
TN,2011,10,"9,113","5,915","3,198","6,475","4,238","2,237","2,638","1,677",961,"1,757",904,853,"1,661",828,833,96,76,20,965,732,233,,,,,,,,,,,,,,,,,,,,,
TX,2011,16,"36,911","18,972","17,939","23,577","10,407","13,170","13,334","8,565","4,769","8,223","3,253","4,970","7,390","2,695","4,695",833,558,275,"4,891","2,365","2,526",,,,,,,,,,,,,,,,,,,,,
UT,2011,3,"3,130","2,687",443,"1,842","1,434",408,"1,288","1,253",35,383,284,99,364,265,99,19,19,0,345,310,35,,,,,,,,,,,,,,,,,,,,,
VA,2011,20,"8,816","7,386","1,430","5,231","4,017","1,214","3,585","3,369",216,"1,643","1,029",614,"1,571",973,598,72,56,16,931,768,163,,,,,,,,,,,,,,,,,,,,,
VI,2011,1,532,154,378,450,72,378,82,82,0,195,4,191,195,4,191,0,0,0,32,0,32,,,,,,,,,,,,,,,,,,,,,
VT,2011,2,"1,144","1,021",123,637,533,104,507,488,19,114,87,27,94,67,27,20,20,0,81,75,6,,,,,,,,,,,,,,,,,,,,,
WA,2011,7,"20,439","15,075","5,364","10,868","6,218","4,650","9,571","8,857",714,"2,388","1,313","1,075","2,136","1,211",925,252,102,150,"1,478","1,167",311,,,,,,,,,,,,,,,,,,,,,
WI,2011,4,"5,785","5,355",430,"2,838","2,504",334,"2,947","2,851",96,497,425,72,410,347,63,87,78,9,607,584,23,,,,,,,,,,,,,,,,,,,,,
WV,2011,4,"2,211","1,405",806,"1,662",992,670,549,413,136,299,189,110,287,179,108,12,10,2,302,236,66,,,,,,,,,,,,,,,,,,,,,
WY,2011,1,"1,038",195,843,320,127,193,718,68,650,104,27,77,82,27,55,22,0,22,83,39,44,,,,,,,,,,,,,,,,,,,,,
AK,2010,2,"1,863","1,671",192,"1,118",953,165,745,718,27,164,119,45,300,270,30,,,,,,,,,,,,,,,,,,,,,,,,,,,
AL,2010,8,"6,046","3,891","2,155","4,553","2,857","1,696","1,493","1,034",459,"1,043",502,541,"1,089",911,178,,,,,,,,,,,,,,,,,,,,,,,,,,,
AR,2010,5,"2,762","1,728","1,034","2,120","1,312",808,642,416,226,395,145,250,362,247,115,,,,,,,,,,,,,,,,,,,,,,,,,,,
AZ,2010,3,"13,711","7,214","6,497","9,226","3,366","5,860","4,485","3,848",637,"1,935",544,"1,391","2,230","1,052","1,178",,,,,,,,,,,,,,,,,,,,,,,,,,,
CA,2010,43,"123,480","50,899","72,581","96,940","32,302","64,638","26,540","18,597","7,943","31,235","6,964","24,271","17,604","6,600","11,004",,,,,,,,,,,,,,,,,,,,,,,,,,,
CO,2010,3,"15,482","9,031","6,451","7,574","4,576","2,998","7,908","4,455","3,453","1,432",510,922,"1,316",853,463,,,,,,,,,,,,,,,,,,,,,,,,,,,
CT,2010,10,"4,316","3,817",499,"2,993","2,511",482,"1,323","1,306",17,777,595,182,483,423,60,,,,,,,,,,,,,,,,,,,,,,,,,,,
DC,2010,1,"6,539","6,109",430,"4,016","3,586",430,"2,523","2,523",0,"2,110","1,723",387,579,563,16,,,,,,,,,,,,,,,,,,,,,,,,,,,
DE,2010,1,982,930,52,681,629,52,301,301,0,97,71,26,74,69,5,,,,,,,,,,,,,,,,,,,,,,,,,,,
FL,2010,28,"57,551","21,817","35,734","35,738","13,231","22,507","21,813","8,586","13,227","9,232","3,700","5,532","7,794","2,818","4,976",,,,,,,,,,,,,,,,,,,,,,,,,,,
GA,2010,7,"19,836","8,746","11,090","14,377","5,612","8,765","5,459","3,134","2,325","3,635","1,495","2,140","2,766","1,372","1,394",,,,,,,,,,,,,,,,,,,,,,,,,,,
GU,2010,1,"1,635",182,"1,453",534,37,497,"1,101",145,956,28,1,27,27,5,22,,,,,,,,,,,,,,,,,,,,,,,,,,,
HI,2010,2,"5,834","3,535","2,299","2,889",944,"1,945","2,945","2,591",354,801,96,705,419,176,243,,,,,,,,,,,,,,,,,,,,,,,,,,,
IA,2010,3,"3,014","2,903",111,"1,528","1,426",102,"1,486","1,477",9,249,182,67,221,207,14,,,,,,,,,,,,,,,,,,,,,,,,,,,
ID,2010,2,"2,346","1,564",782,"1,445",831,614,901,733,168,111,37,74,239,128,111,,,,,,,,,,,,,,,,,,,,,,,,,,,
IL,2010,21,"14,395","12,208","2,187","7,568","5,767","1,801","6,827","6,441",386,"2,130","1,435",695,"1,133",886,247,,,,,,,,,,,,,,,,,,,,,,,,,,,
IN,2010,3,"6,452","5,233","1,219","3,588","2,736",852,"2,864","2,497",367,775,478,297,767,633,134,,,,,,,,,,,,,,,,,,,,,,,,,,,
KS,2010,5,"2,024","1,828",196,"1,318","1,166",152,706,662,44,191,149,42,711,660,51,,,,,,,,,,,,,,,,,,,,,,,,,,,
KY,2010,3,"6,623","5,599","1,024","4,125","3,261",864,"2,498","2,338",160,695,404,291,619,534,85,,,,,,,,,,,,,,,,,,,,,,,,,,,
LA,2010,9,"12,482","4,096","8,386","10,101","2,390","7,711","2,381","1,706",675,"4,815",226,"4,589","2,015",502,"1,513",,,,,,,,,,,,,,,,,,,,,,,,,,,
MA,2010,20,"16,646","15,595","1,051","6,403","5,483",920,"10,243","10,112",131,"2,007","1,502",505,"1,597","1,449",148,,,,,,,,,,,,,,,,,,,,,,,,,,,
MD,2010,16,"10,845","6,515","4,330","5,999","3,902","2,097","4,846","2,613","2,233","2,179","1,231",948,910,646,264,,,,,,,,,,,,,,,,,,,,,,,,,,,
ME,2010,3,"2,379","2,351",28,"1,061","1,033",28,"1,318","1,318",0,226,221,5,108,105,3,,,,,,,,,,,,,,,,,,,,,,,,,,,
MI,2010,21,"13,058","10,219","2,839","7,365","5,371","1,994","5,693","4,848",845,"1,824","1,309",515,964,785,179,,,,,,,,,,,,,,,,,,,,,,,,,,,
MN,2010,11,"7,869","6,730","1,139","3,605","2,934",671,"4,264","3,796",468,"1,490","1,149",341,644,553,91,,,,,,,,,,,,,,,,,,,,,,,,,,,
MO,2010,8,"8,122","6,336","1,786","4,427","3,290","1,137","3,695","3,046",649,"1,287",977,310,759,629,130,,,,,,,,,,,,,,,,,,,,,,,,,,,
MP,2010,0,.,.,.,.,.,.,.,.,.,.,.,.,.,.,.,,,,,,,,,,,,,,,,,,,,,,,,,,,
MS,2010,3,"2,743","1,181","1,562","1,924",661,"1,263",819,520,299,357,130,227,339,215,124,,,,,,,,,,,,,,,,,,,,,,,,,,,
MT,2010,1,"1,615","1,168",447,890,562,328,725,606,119,145,96,49,262,156,106,,,,,,,,,,,,,,,,,,,,,,,,,,,
NC,2010,12,"12,191","9,173","3,018","8,361","5,892","2,469","3,830","3,281",549,"1,479","1,077",402,"1,084",907,177,,,,,,,,,,,,,,,,,,,,,,,,,,,
ND,2010,1,799,768,31,539,513,26,260,255,5,64,61,3,119,114,5,,,,,,,,,,,,,,,,,,,,,,,,,,,
NE,2010,7,"3,877","3,355",522,"2,423","2,018",405,"1,454","1,337",117,535,416,119,305,243,62,,,,,,,,,,,,,,,,,,,,,,,,,,,
NH,2010,3,"1,574","1,337",237,943,740,203,631,597,34,326,280,46,173,143,30,,,,,,,,,,,,,,,,,,,,,,,,,,,
NJ,2010,20,"13,737","12,083","1,654","6,520","5,271","1,249","7,217","6,812",405,877,617,260,567,488,79,,,,,,,,,,,,,,,,,,,,,,,,,,,
NM,2010,2,"3,475","2,108","1,367","2,343","1,102","1,241","1,132","1,006",126,779,341,438,441,259,182,,,,,,,,,,,,,,,,,,,,,,,,,,,
NV,2010,3,"11,205","7,848","3,357","9,565","6,233","3,332","1,640","1,615",25,"1,415",253,"1,162","1,843","1,230",613,,,,,,,,,,,,,,,,,,,,,,,,,,,
NY,2010,32,"65,606","61,467","4,139","26,293","22,292","4,001","39,313","39,175",138,"4,259","1,905","2,354","5,857","5,046",811,,,,,,,,,,,,,,,,,,,,,,,,,,,
OH,2010,9,"12,569","10,729","1,840","7,719","6,295","1,424","4,850","4,434",416,"2,240","1,676",564,"1,527","1,293",234,,,,,,,,,,,,,,,,,,,,,,,,,,,
OK,2010,8,"5,229","3,315","1,914","3,317","2,239","1,078","1,912","1,076",836,620,395,225,474,350,124,,,,,,,,,,,,,,,,,,,,,,,,,,,
OR,2010,8,"19,492","7,231","12,261","10,731","3,654","7,077","8,761","3,577","5,184","2,601",683,"1,918","1,285",573,712,,,,,,,,,,,,,,,,,,,,,,,,,,,
PA,2010,17,"14,516","13,418","1,098","7,191","6,125","1,066","7,325","7,293",32,"1,524",868,656,"1,441","1,274",167,,,,,,,,,,,,,,,,,,,,,,,,,,,
PR,2010,2,"4,149","1,404","2,745","3,721","1,124","2,597",428,280,148,"2,218",684,"1,534",106,33,73,,,,,,,,,,,,,,,,,,,,,,,,,,,
RI,2010,1,"1,282","1,206",76,704,632,72,578,574,4,86,60,26,91,87,4,,,,,,,,,,,,,,,,,,,,,,,,,,,
SC,2010,4,"4,473","3,036","1,437","3,194","1,945","1,249","1,279","1,091",188,674,392,282,687,497,190,,,,,,,,,,,,,,,,,,,,,,,,,,,
SD,2010,1,731,667,64,445,381,64,286,286,0,109,45,64,135,118,17,,,,,,,,,,,,,,,,,,,,,,,,,,,
TN,2010,10,"10,276","6,999","3,277","7,623","5,060","2,563","2,653","1,939",714,"2,495","1,496",999,"1,679","1,075",604,,,,,,,,,,,,,,,,,,,,,,,,,,,
TX,2010,17,"35,121","19,191","15,930","24,078","11,249","12,829","11,043","7,942","3,101","6,512","2,577","3,935","5,133","2,688","2,445",,,,,,,,,,,,,,,,,,,,,,,,,,,
UT,2010,3,"3,284","2,722",562,"1,926","1,393",533,"1,358","1,329",29,406,125,281,342,301,41,,,,,,,,,,,,,,,,,,,,,,,,,,,
VA,2010,22,"9,080","7,439","1,641","5,338","3,966","1,372","3,742","3,473",269,"1,510",983,527,995,830,165,,,,,,,,,,,,,,,,,,,,,,,,,,,
VI,2010,1,487,92,395,468,73,395,19,19,0,385,20,365,42,10,32,,,,,,,,,,,,,,,,,,,,,,,,,,,
VT,2010,2,"1,220","1,078",142,797,672,125,423,406,17,133,85,48,117,104,13,,,,,,,,,,,,,,,,,,,,,,,,,,,
WA,2010,7,"22,878","16,489","6,389","11,901","6,705","5,196","10,977","9,784","1,193","2,106","1,281",825,"2,043","1,282",761,,,,,,,,,,,,,,,,,,,,,,,,,,,
WI,2010,4,"6,333","5,253","1,080","3,040","2,598",442,"3,293","2,655",638,727,608,119,609,581,28,,,,,,,,,,,,,,,,,,,,,,,,,,,
WV,2010,4,"2,264","1,524",740,"1,527","1,048",479,737,476,261,516,358,158,576,393,183,,,,,,,,,,,,,,,,,,,,,,,,,,,
WY,2010,1,579,515,64,327,269,58,252,246,6,101,52,49,85,71,14,,,,,,,,,,,,,,,,,,,,,,,,,,,
AK,2009,2,"1,992","1,665",327,"1,239",989,250,753,676,77,323,245,78,259,222,37,,,,,,,,,,,,,,,,,,,,,,,,,,,
AL,2009,8,"6,080","3,913","2,167","4,686","3,031","1,655","1,394",882,512,"1,189",652,537,"1,063",858,205,,,,,,,,,,,,,,,,,,,,,,,,,,,
AR,2009,6,"2,852","1,730","1,122","2,181","1,297",884,671,433,238,406,146,260,249,168,82,,,,,,,,,,,,,,,,,,,,,,,,,,,
AZ,2009,3,"14,721","8,366","6,355","9,959","4,291","5,668","4,762","4,075",687,"2,229",538,"1,691","2,343","1,216","1,127",,,,,,,,,,,,,,,,,,,,,,,,,,,
CA,2009,43,"123,678","50,777","72,901","97,534","32,417","65,117","26,144","18,360","7,784","31,412","7,001","24,411","17,973","6,799","11,174",,,,,,,,,,,,,,,,,,,,,,,,,,,
CO,2009,3,"15,268","9,031","6,237","7,401","4,576","2,825","7,867","4,455","3,412","1,286",510,776,"1,471",964,507,,,,,,,,,,,,,,,,,,,,,,,,,,,
CT,2009,12,"4,605","4,103",502,"2,773","2,288",485,"1,832","1,815",17,824,640,184,462,401,61,,,,,,,,,,,,,,,,,,,,,,,,,,,
DC,2009,1,"6,228","5,907",321,"3,934","3,613",321,"2,294","2,294",0,"1,923","1,632",291,642,613,29,,,,,,,,,,,,,,,,,,,,,,,,,,,
DE,2009,1,"1,130","1,083",47,776,729,47,354,354,0,167,150,17,100,91,9,,,,,,,,,,,,,,,,,,,,,,,,,,,
FL,2009,28,"55,599","21,867","33,732","34,432","13,827","20,605","21,167","8,040","13,127","9,062","3,493","5,569","7,135","2,907","4,228",,,,,,,,,,,,,,,,,,,,,,,,,,,
GA,2009,7,"20,360","9,419","10,941","14,365","5,765","8,600","5,995","3,654","2,341","3,771","1,620","2,151","2,760","1,373","1,387",,,,,,,,,,,,,,,,,,,,,,,,,,,
GU,2009,1,"1,088",182,906,391,52,339,697,130,567,87,19,68,22,3,19,,,,,,,,,,,,,,,,,,,,,,,,,,,
HI,2009,2,"5,782","3,268","2,514","2,941","1,009","1,932","2,841","2,259",582,772,124,648,499,234,265,,,,,,,,,,,,,,,,,,,,,,,,,,,
IA,2009,3,"3,380","3,221",159,"1,655","1,524",131,"1,725","1,697",28,306,238,68,270,247,23,,,,,,,,,,,,,,,,,,,,,,,,,,,
ID,2009,2,"1,939","1,477",462,"1,117",821,296,822,656,166,210,157,53,270,194,76,,,,,,,,,,,,,,,,,,,,,,,,,,,
IL,2009,21,"14,055","11,851","2,204","7,475","5,642","1,833","6,580","6,209",371,"2,212","1,564",648,"1,028",801,227,,,,,,,,,,,,,,,,,,,,,,,,,,,
IN,2009,3,"6,984","5,206","1,778","4,151","2,687","1,464","2,833","2,519",314,765,505,260,740,586,154,,,,,,,,,,,,,,,,,,,,,,,,,,,
KS,2009,5,"1,892","1,696",196,"1,238","1,086",152,654,610,44,238,196,42,638,578,60,,,,,,,,,,,,,,,,,,,,,,,,,,,
KY,2009,3,"5,999","5,299",700,"3,302","2,765",537,"2,697","2,534",163,671,491,180,675,597,78,,,,,,,,,,,,,,,,,,,,,,,,,,,
LA,2009,9,"12,504","4,118","8,386","10,098","2,387","7,711","2,406","1,731",675,"4,815",226,"4,589","1,985",441,"1,544",,,,,,,,,,,,,,,,,,,,,,,,,,,
MA,2009,20,"15,482","14,476","1,006","7,057","6,174",883,"8,425","8,302",123,"1,937","1,490",447,"1,890","1,709",181,,,,,,,,,,,,,,,,,,,,,,,,,,,
MD,2009,16,"11,698","7,446","4,252","6,641","4,623","2,018","5,057","2,823","2,234","2,062","1,243",819,932,698,234,,,,,,,,,,,,,,,,,,,,,,,,,,,
ME,2009,3,"2,444","2,406",38,"1,124","1,092",32,"1,320","1,314",6,186,178,8,123,119,4,,,,,,,,,,,,,,,,,,,,,,,,,,,
MI,2009,22,"14,005","11,298","2,707","7,857","6,019","1,838","6,148","5,279",869,"1,649","1,171",478,"1,054",877,177,,,,,,,,,,,,,,,,,,,,,,,,,,,
MN,2009,11,"7,718","6,772",946,"3,393","2,668",725,"4,325","4,104",221,"1,449","1,129",320,525,441,84,,,,,,,,,,,,,,,,,,,,,,,,,,,
MO,2009,8,"6,959","5,469","1,490","3,823","2,933",890,"3,136","2,536",600,892,691,201,699,569,130,,,,,,,,,,,,,,,,,,,,,,,,,,,
MP,2009,0,.,.,.,.,.,.,.,.,.,.,.,.,.,.,.,,,,,,,,,,,,,,,,,,,,,,,,,,,
MS,2009,3,"2,797","1,221","1,576","1,843",655,"1,188",954,566,388,522,152,370,358,197,161,,,,,,,,,,,,,,,,,,,,,,,,,,,
MT,2009,1,"1,196",833,363,752,481,271,444,352,92,160,107,53,206,128,78,,,,,,,,,,,,,,,,,,,,,,,,,,,
NC,2009,12,"12,918","8,473","4,445","9,159","5,576","3,583","3,759","2,897",862,"1,490","1,107",383,"1,118",854,264,,,,,,,,,,,,,,,,,,,,,,,,,,,
ND,2009,1,773,765,8,548,540,8,225,225,0,70,66,4,168,166,2,,,,,,,,,,,,,,,,,,,,,,,,,,,
NE,2009,7,"3,718","3,079",639,"2,072","1,747",325,"1,646","1,332",314,495,413,82,298,263,35,,,,,,,,,,,,,,,,,,,,,,,,,,,
NH,2009,3,"1,645","1,406",239,891,670,221,754,736,18,330,285,45,167,150,17,,,,,,,,,,,,,,,,,,,,,,,,,,,
NJ,2009,20,"13,169","11,871","1,298","5,962","5,005",957,"7,207","6,866",341,934,704,230,618,542,76,,,,,,,,,,,,,,,,,,,,,,,,,,,
NM,2009,2,"3,475","2,108","1,367","2,343","1,102","1,241","1,132","1,006",126,779,341,438,408,226,182,,,,,,,,,,,,,,,,,,,,,,,,,,,
NV,2009,3,"11,089","7,792","3,297","9,394","6,143","3,251","1,695","1,649",46,"1,297",196,"1,101","1,936","1,329",607,,,,,,,,,,,,,,,,,,,,,,,,,,,
NY,2009,32,"61,067","57,454","3,613","24,557","21,005","3,552","36,510","36,449",61,"4,280","2,272","2,008","5,879","5,047",832,,,,,,,,,,,,,,,,,,,,,,,,,,,
OH,2009,9,"12,700","10,929","1,771","7,774","6,430","1,344","4,926","4,499",427,"2,303","1,838",465,"1,390","1,185",205,,,,,,,,,,,,,,,,,,,,,,,,,,,
OK,2009,8,"4,838","3,307","1,531","3,227","2,185","1,042","1,611","1,122",489,654,538,116,475,416,59,,,,,,,,,,,,,,,,,,,,,,,,,,,
OR,2009,8,"17,309","7,442","9,867","10,443","3,992","6,451","6,866","3,450","3,416","2,842",919,"1,923","1,277",672,605,,,,,,,,,,,,,,,,,,,,,,,,,,,
PA,2009,17,"15,096","13,819","1,277","7,384","6,191","1,193","7,712","7,628",84,"1,798","1,027",771,"1,440","1,282",158,,,,,,,,,,,,,,,,,,,,,,,,,,,
PR,2009,2,"4,070","1,325","2,745","3,730","1,133","2,597",340,192,148,"2,195",661,"1,534",97,24,73,,,,,,,,,,,,,,,,,,,,,,,,,,,
RI,2009,1,"1,607","1,556",51,"1,139","1,088",51,468,468,0,220,190,30,120,113,7,,,,,,,,,,,,,,,,,,,,,,,,,,,
SC,2009,5,"4,473","3,036","1,437","3,194","1,945","1,249","1,279","1,091",188,674,392,282,629,439,190,,,,,,,,,,,,,,,,,,,,,,,,,,,
SD,2009,1,731,667,64,445,381,64,286,286,0,109,45,64,160,138,22,,,,,,,,,,,,,,,,,,,,,,,,,,,
TN,2009,10,"10,532","7,133","3,399","8,048","5,520","2,528","2,484","1,613",871,"2,632","1,498","1,134","1,142",839,303,,,,,,,,,,,,,,,,,,,,,,,,,,,
TX,2009,18,"36,761","21,658","15,103","22,564","12,943","9,621","14,197","8,715","5,482","6,020","2,741","3,279","5,491","2,735","2,756",,,,,,,,,,,,,,,,,,,,,,,,,,,
UT,2009,3,"3,795","3,540",255,"2,242","1,987",255,"1,553","1,553",0,700,445,255,166,110,56,,,,,,,,,,,,,,,,,,,,,,,,,,,
VA,2009,22,"8,852","7,284","1,568","5,066","3,863","1,203","3,786","3,421",365,"1,621","1,034",587,960,782,178,,,,,,,,,,,,,,,,,,,,,,,,,,,
VI,2009,1,471,76,395,430,35,395,41,41,0,369,4,365,32,0,32,,,,,,,,,,,,,,,,,,,,,,,,,,,
VT,2009,2,"1,214","1,057",157,693,571,122,521,486,35,134,79,55,61,52,9,,,,,,,,,,,,,,,,,,,,,,,,,,,
WA,2009,7,"22,782","16,237","6,545","12,086","6,639","5,447","10,696","9,598","1,098","2,609","1,608","1,001","1,963","1,168",795,,,,,,,,,,,,,,,,,,,,,,,,,,,
WI,2009,4,"6,525","5,465","1,060","3,161","2,733",428,"3,364","2,732",632,716,612,104,608,575,33,,,,,,,,,,,,,,,,,,,,,,,,,,,
WV,2009,4,"1,667","1,278",389,"1,101",848,253,566,430,136,337,239,98,271,177,94,,,,,,,,,,,,,,,,,,,,,,,,,,,
WY,2009,1,515,451,64,340,282,58,175,169,6,79,30,49,117,95,22,,,,,,,,,,,,,,,,,,,,,,,,,,,
AK,2008,2,"1,646","1,452",194,"1,067",912,155,579,540,39,439,355,84,218,189,29,,,,,,,,,,,,,,,,,,,,,,,,,,,
AL,2008,8,"5,387","3,843","1,544","4,086","2,803","1,283","1,301","1,040",261,"1,052",579,473,801,677,124,,,,,,,,,,,,,,,,,,,,,,,,,,,
AR,2008,6,"3,255","2,020","1,235","2,625","1,617","1,008",630,403,227,893,492,401,235,219,16,,,,,,,,,,,,,,,,,,,,,,,,,,,
AZ,2008,3,"12,488","6,970","5,518","8,428","3,376","5,052","4,060","3,594",466,"3,097","1,223","1,874",736,736,0,,,,,,,,,,,,,,,,,,,,,,,,,,,
CA,2008,42,"136,531","46,965","89,566","109,050","28,505","80,545","27,481","18,460","9,021","40,254","6,206","34,048","17,276","5,735","11,541",,,,,,,,,,,,,,,,,,,,,,,,,,,
CO,2008,3,"14,747","6,877","7,870","6,260","2,984","3,276","8,487","3,893","4,594","1,082",449,633,"1,608",915,693,,,,,,,,,,,,,,,,,,,,,,,,,,,
CT,2008,12,"4,627","4,020",607,"2,773","2,185",588,"1,854","1,835",19,875,578,297,524,401,123,,,,,,,,,,,,,,,,,,,,,,,,,,,
DC,2008,1,"6,044","5,666",378,"4,208","3,830",378,"1,836","1,836",0,"2,184","1,840",344,667,641,26,,,,,,,,,,,,,,,,,,,,,,,,,,,
DE,2008,1,933,862,71,652,581,71,281,281,0,248,221,27,127,108,19,,,,,,,,,,,,,,,,,,,,,,,,,,,
FL,2008,28,"50,158","20,724","29,434","32,959","12,331","20,628","17,199","8,393","8,806","8,578","2,555","6,023","5,780","2,691","3,089",,,,,,,,,,,,,,,,,,,,,,,,,,,
GA,2008,7,"19,095","8,865","10,230","13,728","5,716","8,012","5,367","3,149","2,218","2,671","1,037","1,634","3,336","1,921","1,415",,,,,,,,,,,,,,,,,,,,,,,,,,,
GU,2008,1,725,103,622,254,53,201,471,50,421,50,39,11,3,3,0,,,,,,,,,,,,,,,,,,,,,,,,,,,
HI,2008,2,"6,061","2,703","3,358","3,326","1,091","2,235","2,735","1,612","1,123",778,132,646,223,223,0,,,,,,,,,,,,,,,,,,,,,,,,,,,
IA,2008,3,"3,346","3,087",259,"1,609","1,421",188,"1,737","1,666",71,277,225,52,284,271,13,,,,,,,,,,,,,,,,,,,,,,,,,,,
ID,2008,2,"1,464","1,250",214,817,657,160,647,593,54,46,11,35,131,78,53,,,,,,,,,,,,,,,,,,,,,,,,,,,
IL,2008,21,"14,724","11,480","3,244","8,356","5,697","2,659","6,368","5,783",585,"2,557","1,436","1,121","1,286",839,447,,,,,,,,,,,,,,,,,,,,,,,,,,,
IN,2008,3,"7,395","5,923","1,472","4,937","3,617","1,320","2,458","2,306",152,696,249,447,535,455,80,,,,,,,,,,,,,,,,,,,,,,,,,,,
KS,2008,5,"1,738","1,500",238,"1,080",897,183,658,603,55,177,132,45,313,295,18,,,,,,,,,,,,,,,,,,,,,,,,,,,
KY,2008,3,"8,137","6,195","1,942","4,344","3,247","1,097","3,793","2,948",845,642,380,262,"1,046",944,102,,,,,,,,,,,,,,,,,,,,,,,,,,,
LA,2008,9,"5,481","3,700","1,781","2,894","1,905",989,"2,587","1,795",792,613,177,436,432,305,127,,,,,,,,,,,,,,,,,,,,,,,,,,,
MA,2008,21,"14,506","13,437","1,069","7,127","6,223",904,"7,379","7,214",165,"2,352","1,830",522,"1,302","1,262",40,,,,,,,,,,,,,,,,,,,,,,,,,,,
MD,2008,16,"9,219","6,054","3,165","4,806","3,335","1,471","4,413","2,719","1,694","1,489",729,760,541,499,42,,,,,,,,,,,,,,,,,,,,,,,,,,,
ME,2008,3,"2,632","2,588",44,"1,241","1,201",40,"1,391","1,387",4,132,123,9,89,89,0,,,,,,,,,,,,,,,,,,,,,,,,,,,
MI,2008,22,"28,248","11,781","16,467","17,364","7,014","10,350","10,884","4,767","6,117","2,771","1,084","1,687",832,715,117,,,,,,,,,,,,,,,,,,,,,,,,,,,
MN,2008,11,"7,644","6,270","1,374","3,388","2,317","1,071","4,256","3,953",303,"1,537","1,052",485,595,477,118,,,,,,,,,,,,,,,,,,,,,,,,,,,
MO,2008,8,"7,687","5,607","2,080","4,195","2,784","1,411","3,492","2,823",669,"1,226",903,323,377,312,65,,,,,,,,,,,,,,,,,,,,,,,,,,,
MP,2008,0,.,.,.,.,.,.,.,.,.,.,.,.,.,.,.,,,,,,,,,,,,,,,,,,,,,,,,,,,
MS,2008,3,"1,961","1,206",755,"1,697",948,749,264,258,6,877,417,460,197,194,3,,,,,,,,,,,,,,,,,,,,,,,,,,,
MT,2008,1,"1,417","1,007",410,968,617,351,449,390,59,138,46,92,247,138,109,,,,,,,,,,,,,,,,,,,,,,,,,,,
NC,2008,13,"12,411","8,025","4,386","8,749","5,337","3,412","3,662","2,688",974,"1,827",964,863,"1,096",724,372,,,,,,,,,,,,,,,,,,,,,,,,,,,
ND,2008,1,615,596,19,375,362,13,240,234,6,51,50,1,78,75,3,,,,,,,,,,,,,,,,,,,,,,,,,,,
NE,2008,7,"3,985","3,227",758,"2,244","1,824",420,"1,741","1,403",338,707,627,80,144,123,21,,,,,,,,,,,,,,,,,,,,,,,,,,,
NH,2008,3,"2,019","1,535",484,"1,172",785,387,847,750,97,437,297,140,208,115,93,,,,,,,,,,,,,,,,,,,,,,,,,,,
NJ,2008,20,"13,832","11,860","1,972","6,848","5,421","1,427","6,984","6,439",545,"1,269",968,301,847,648,199,,,,,,,,,,,,,,,,,,,,,,,,,,,
NM,2008,2,"3,015","1,748","1,267","1,861","1,063",798,"1,154",685,469,711,245,466,163,163,0,,,,,,,,,,,,,,,,,,,,,,,,,,,
NV,2008,3,"8,726","4,863","3,863","6,512","3,658","2,854","2,214","1,205","1,009",954,224,730,"1,632",912,720,,,,,,,,,,,,,,,,,,,,,,,,,,,
NY,2008,29,"61,125","56,516","4,609","25,771","21,304","4,467","35,354","35,212",142,"5,089","2,071","3,018","4,234","4,230",4,,,,,,,,,,,,,,,,,,,,,,,,,,,
OH,2008,9,"12,912","10,377","2,535","7,865","6,116","1,749","5,047","4,261",786,"2,252","1,673",579,"1,033",964,69,,,,,,,,,,,,,,,,,,,,,,,,,,,
OK,2008,8,"3,846","2,803","1,043","2,674","1,905",769,"1,172",898,274,561,331,230,354,299,55,,,,,,,,,,,,,,,,,,,,,,,,,,,
OR,2008,8,"20,653","9,946","10,707","11,548","5,260","6,288","9,105","4,686","4,419","3,346","1,502","1,844",767,523,244,,,,,,,,,,,,,,,,,,,,,,,,,,,
PA,2008,17,"15,378","14,079","1,299","7,734","6,541","1,193","7,644","7,538",106,"1,622",859,763,"1,101",971,130,,,,,,,,,,,,,,,,,,,,,,,,,,,
PR,2008,2,"3,012",810,"2,202","2,668",663,"2,005",344,147,197,"2,917","1,026","1,891",157,65,92,,,,,,,,,,,,,,,,,,,,,,,,,,,
RI,2008,1,"1,196","1,142",54,714,660,54,482,482,0,245,208,37,99,87,12,,,,,,,,,,,,,,,,,,,,,,,,,,,
SC,2008,5,"5,660","3,086","2,574","3,809","2,031","1,778","1,851","1,055",796,743,398,345,475,350,125,,,,,,,,,,,,,,,,,,,,,,,,,,,
SD,2008,1,579,538,41,268,235,33,311,303,8,104,79,25,108,106,2,,,,,,,,,,,,,,,,,,,,,,,,,,,
TN,2008,10,"9,705","5,660","4,045","7,242","3,829","3,413","2,463","1,831",632,"3,364","1,438","1,926",903,672,231,,,,,,,,,,,,,,,,,,,,,,,,,,,
TX,2008,18,"40,190","24,080","16,110","27,950","14,095","13,855","12,240","9,985","2,255","8,844","3,656","5,188","5,982","3,428","2,554",,,,,,,,,,,,,,,,,,,,,,,,,,,
UT,2008,3,"3,434","3,178",256,"2,018","1,762",256,"1,416","1,416",0,702,446,256,218,199,19,,,,,,,,,,,,,,,,,,,,,,,,,,,
VA,2008,22,"8,469","6,895","1,574","4,838","3,541","1,297","3,631","3,354",277,"1,678",967,711,898,710,188,,,,,,,,,,,,,,,,,,,,,,,,,,,
VI,2008,1,602,115,487,566,79,487,36,36,0,513,26,487,19,4,15,,,,,,,,,,,,,,,,,,,,,,,,,,,
VT,2008,2,954,696,258,627,401,226,327,295,32,234,115,119,32,19,13,,,,,,,,,,,,,,,,,,,,,,,,,,,
WA,2008,7,"21,954","15,456","6,498","12,156","6,831","5,325","9,798","8,625","1,173","3,073","1,974","1,099","1,330","1,185",145,,,,,,,,,,,,,,,,,,,,,,,,,,,
WI,2008,4,"5,449","4,934",515,"2,285","1,975",310,"3,164","2,959",205,687,480,207,481,464,17,,,,,,,,,,,,,,,,,,,,,,,,,,,
WV,2008,4,"2,016","1,422",594,"1,435",993,442,581,429,152,387,264,123,104,98,6,,,,,,,,,,,,,,,,,,,,,,,,,,,
WY,2008,1,751,619,132,357,320,37,394,299,95,67,30,37,19,19,0,,,,,,,,,,,,,,,,,,,,,,,,,,,
AK,2007,2,"1,642","1,387",255,"1,062",891,171,580,496,84,278,221,57,203,152,51,,,,,,,,,,,,,,,,,,,,,,,,,,,
AL,2007,8,"5,452","3,796","1,656","4,184","2,823","1,361","1,268",973,295,993,483,510,974,745,229,,,,,,,,,,,,,,,,,,,,,,,,,,,
AR,2007,9,"3,836","2,285","1,551","2,987","1,766","1,221",849,519,330,852,409,443,287,255,32,,,,,,,,,,,,,,,,,,,,,,,,,,,
AZ,2007,3,"14,646","8,618","6,028","10,020","4,423","5,597","4,626","4,195",431,"2,804",650,"2,154",869,858,11,,,,,,,,,,,,,,,,,,,,,,,,,,,
CA,2007,42,"138,986","48,511","90,475","110,952","30,497","80,455","28,034","18,014","10,020","40,341","5,950","34,391","16,701","5,827","10,874",,,,,,,,,,,,,,,,,,,,,,,,,,,
CO,2007,3,"14,225","6,971","7,254","6,844","3,054","3,790","7,381","3,917","3,464","2,050",404,"1,646","1,541",931,610,,,,,,,,,,,,,,,,,,,,,,,,,,,
CT,2007,12,"4,482","3,671",811,"3,173","2,456",717,"1,309","1,215",94,"1,023",596,427,436,330,106,,,,,,,,,,,,,,,,,,,,,,,,,,,
DC,2007,1,"5,320","4,980",340,"3,717","3,377",340,"1,603","1,603",0,"1,760","1,439",321,524,487,37,,,,,,,,,,,,,,,,,,,,,,,,,,,
DE,2007,1,"1,061",854,207,716,530,186,345,324,21,150,76,74,204,142,62,,,,,,,,,,,,,,,,,,,,,,,,,,,
FL,2007,27,"48,069","20,529","27,540","33,040","12,772","20,268","15,029","7,757","7,272","7,463","1,842","5,621","5,841","2,658","3,183",,,,,,,,,,,,,,,,,,,,,,,,,,,
GA,2007,7,"19,639","8,341","11,298","12,521","5,743","6,778","7,118","2,598","4,520","2,484","1,108","1,376","2,243","1,929",314,,,,,,,,,,,,,,,,,,,,,,,,,,,
GU,2007,1,725,103,622,254,53,201,471,50,421,0,0,0,0,0,0,,,,,,,,,,,,,,,,,,,,,,,,,,,
HI,2007,2,"6,070","2,712","3,358","3,335","1,100","2,235","2,735","1,612","1,123",778,132,646,223,223,0,,,,,,,,,,,,,,,,,,,,,,,,,,,
IA,2007,3,"2,734","2,441",293,"1,504","1,254",250,"1,230","1,187",43,307,225,82,162,155,7,,,,,,,,,,,,,,,,,,,,,,,,,,,
ID,2007,2,"1,749","1,125",624,"1,102",613,489,647,512,135,95,37,58,102,34,68,,,,,,,,,,,,,,,,,,,,,,,,,,,
IL,2007,21,"15,487","12,171","3,316","8,653","5,982","2,671","6,834","6,189",645,"2,681","1,434","1,247","1,330",945,385,,,,,,,,,,,,,,,,,,,,,,,,,,,
IN,2007,3,"7,358","6,096","1,262","4,734","3,624","1,110","2,624","2,472",152,694,450,244,516,502,14,,,,,,,,,,,,,,,,,,,,,,,,,,,
KS,2007,6,"2,111","1,829",282,"1,208","1,003",205,903,826,77,159,117,42,296,285,11,,,,,,,,,,,,,,,,,,,,,,,,,,,
KY,2007,3,"8,061","5,940","2,121","3,890","2,934",956,"4,171","3,006","1,165",574,351,223,482,407,75,,,,,,,,,,,,,,,,,,,,,,,,,,,
LA,2007,9,"5,494","3,917","1,577","2,973","2,155",818,"2,521","1,762",759,562,226,336,408,315,93,,,,,,,,,,,,,,,,,,,,,,,,,,,
MA,2007,21,"15,127","13,713","1,414","8,292","7,179","1,113","6,835","6,534",301,"2,790","2,056",734,"1,252","1,217",35,,,,,,,,,,,,,,,,,,,,,,,,,,,
MD,2007,16,"9,628","6,418","3,210","5,052","3,533","1,519","4,576","2,885","1,691","1,550",749,801,572,541,31,,,,,,,,,,,,,,,,,,,,,,,,,,,
ME,2007,3,"2,638","2,576",62,"1,136","1,088",48,"1,502","1,488",14,97,67,30,119,117,2,,,,,,,,,,,,,,,,,,,,,,,,,,,
MI,2007,24,"28,295","11,552","16,743","17,553","6,967","10,586","10,742","4,585","6,157","2,716",927,"1,789",876,749,127,,,,,,,,,,,,,,,,,,,,,,,,,,,
MN,2007,13,"7,323","5,878","1,445","3,269","2,181","1,088","4,054","3,697",357,"1,414",967,447,551,443,108,,,,,,,,,,,,,,,,,,,,,,,,,,,
MO,2007,9,"6,247","5,137","1,110","3,336","2,561",775,"2,911","2,576",335,"1,221",917,304,416,394,22,,,,,,,,,,,,,,,,,,,,,,,,,,,
MP,2007,0,.,.,.,.,.,.,.,.,.,.,.,.,.,.,.,,,,,,,,,,,,,,,,,,,,,,,,,,,
MS,2007,3,"1,377",851,526,"1,115",593,522,262,258,4,593,169,424,161,158,3,,,,,,,,,,,,,,,,,,,,,,,,,,,
MT,2007,1,"1,150",855,295,633,398,235,517,457,60,83,35,48,143,83,60,,,,,,,,,,,,,,,,,,,,,,,,,,,
NC,2007,13,"11,802","7,879","3,923","8,391","5,393","2,998","3,411","2,486",925,"1,645",846,799,992,827,165,,,,,,,,,,,,,,,,,,,,,,,,,,,
ND,2007,1,636,577,59,403,379,24,233,198,35,80,71,9,67,62,5,,,,,,,,,,,,,,,,,,,,,,,,,,,
NE,2007,7,"3,531","3,007",524,"2,172","1,737",435,"1,359","1,270",89,785,486,299,165,151,14,,,,,,,,,,,,,,,,,,,,,,,,,,,
NH,2007,3,"2,248","1,273",975,"1,255",651,604,993,622,371,367,263,104,111,60,51,,,,,,,,,,,,,,,,,,,,,,,,,,,
NJ,2007,21,"17,314","14,836","2,478","8,972","7,034","1,938","8,342","7,802",540,"2,525","1,582",943,618,499,119,,,,,,,,,,,,,,,,,,,,,,,,,,,
NM,2007,2,"3,015","1,748","1,267","1,861","1,063",798,"1,154",685,469,711,245,466,163,163,0,,,,,,,,,,,,,,,,,,,,,,,,,,,
NV,2007,3,"8,642","4,818","3,824","6,477","3,639","2,838","2,165","1,179",986,871,191,680,"1,623",903,720,,,,,,,,,,,,,,,,,,,,,,,,,,,
NY,2007,32,"62,601","57,281","5,320","28,056","22,907","5,149","34,545","34,374",171,"6,476","2,413","4,063","4,742","4,732",10,,,,,,,,,,,,,,,,,,,,,,,,,,,
OH,2007,9,"11,264","9,380","1,884","6,870","5,592","1,278","4,394","3,788",606,"2,308","1,601",707,"1,062",981,81,,,,,,,,,,,,,,,,,,,,,,,,,,,
OK,2007,8,"4,221","3,089","1,132","2,982","2,201",781,"1,239",888,351,779,395,384,381,304,77,,,,,,,,,,,,,,,,,,,,,,,,,,,
OR,2007,8,"17,590","8,329","9,261","9,871","4,120","5,751","7,719","4,209","3,510","2,829","1,087","1,742",705,571,134,,,,,,,,,,,,,,,,,,,,,,,,,,,
PA,2007,17,"16,220","14,741","1,479","8,229","6,932","1,297","7,991","7,809",182,"1,589",914,675,"1,805","1,729",76,,,,,,,,,,,,,,,,,,,,,,,,,,,
PR,2007,2,"4,309","1,368","2,941","3,914","1,150","2,764",395,218,177,"2,904",585,"2,319",104,31,73,,,,,,,,,,,,,,,,,,,,,,,,,,,
RI,2007,1,"1,372","1,323",49,643,599,44,729,724,5,134,90,44,62,59,3,,,,,,,,,,,,,,,,,,,,,,,,,,,
SC,2007,5,"5,660","3,086","2,574","3,771","2,030","1,741","1,889","1,056",833,573,367,206,435,350,85,,,,,,,,,,,,,,,,,,,,,,,,,,,
SD,2007,1,579,538,41,268,235,33,311,303,8,104,79,25,108,106,2,,,,,,,,,,,,,,,,,,,,,,,,,,,
TN,2007,10,"11,210","6,446","4,764","8,462","4,723","3,739","2,748","1,723","1,025","2,767",896,"1,871","1,028",859,169,,,,,,,,,,,,,,,,,,,,,,,,,,,
TX,2007,18,"39,788","22,882","16,906","26,306","13,119","13,187","13,482","9,763","3,719","7,931","3,290","4,641","5,527","3,034","2,493",,,,,,,,,,,,,,,,,,,,,,,,,,,
UT,2007,3,"3,011","2,698",313,"1,945","1,632",313,"1,066","1,066",0,801,488,313,227,202,25,,,,,,,,,,,,,,,,,,,,,,,,,,,
VA,2007,22,"9,746","7,567","2,179","5,523","3,792","1,731","4,223","3,775",448,"1,963",923,"1,040",848,657,191,,,,,,,,,,,,,,,,,,,,,,,,,,,
VI,2007,1,559,72,487,537,50,487,22,22,0,487,0,487,5,5,0,,,,,,,,,,,,,,,,,,,,,,,,,,,
VT,2007,2,"1,035",720,315,599,380,219,436,340,96,191,60,131,64,38,26,,,,,,,,,,,,,,,,,,,,,,,,,,,
WA,2007,8,"23,379","16,857","6,522","13,289","8,113","5,176","10,090","8,744","1,346","2,603","1,333","1,270","1,421","1,199",222,,,,,,,,,,,,,,,,,,,,,,,,,,,
WI,2007,4,"5,648","5,085",563,"2,403","2,071",332,"3,245","3,014",231,689,468,221,466,449,17,,,,,,,,,,,,,,,,,,,,,,,,,,,
WV,2007,4,"2,409","2,147",262,"1,915","1,724",191,494,423,71,"1,151","1,058",93,787,760,27,,,,,,,,,,,,,,,,,,,,,,,,,,,
WY,2007,1,537,397,140,331,257,74,206,140,66,38,0,38,40,40,0,,,,,,,,,,,,,,,,,,,,,,,,,,,
