state,state_name,year,total,chronic,sh_chronic,uns_chronic,non_chronic,sh_chronic_ind,uns_chronic_ind,sh_chronic_fam,uns_chronic_fam
AK,Alaska ,2017,1845.0,257.0,158.0,99.0,1588.0,117.0,99.0,41.0,0.0
AL,Alabama,2017,3793.0,363.0,171.0,192.0,3430.0,152.0,192.0,19.0,0.0
AR,Arkansas ,2017,2467.0,473.0,147.0,326.0,1994.0,138.0,312.0,9.0,14.0
AZ,Arizona ,2017,8947.0,1552.0,546.0,1006.0,7395.0,492.0,971.0,54.0,35.0
CA,California ,2017,134278.0,37360.0,5235.0,32125.0,96918.0,4430.0,31368.0,805.0,757.0
CO,Colorado ,2017,10940.0,2264.0,977.0,1287.0,8676.0,914.0,1212.0,63.0,75.0
CT,Connecticut ,2017,3388.0,420.0,273.0,147.0,2968.0,240.0,147.0,33.0,0.0
DC,Washington DC,2017,7473.0,1881.0,1343.0,538.0,5592.0,932.0,538.0,411.0,0.0
DE,Delaware ,2017,994.0,127.0,102.0,25.0,867.0,98.0,25.0,4.0,0.0
FL,Florida ,2017,32190.0,5615.0,1241.0,4374.0,26575.0,1127.0,3824.0,114.0,550.0
GA,Georgia ,2017,10174.0,1028.0,462.0,566.0,9146.0,405.0,558.0,57.0,8.0
HI,Hawaii ,2017,7220.0,1800.0,207.0,1593.0,5420.0,164.0,1424.0,43.0,169.0
IA,Iowa ,2017,2756.0,199.0,143.0,56.0,2557.0,114.0,56.0,29.0,0.0
ID,Idaho ,2017,2037.0,436.0,302.0,134.0,1601.0,257.0,134.0,45.0,0.0
IL,Illinois ,2017,10798.0,1475.0,717.0,758.0,9323.0,644.0,711.0,73.0,47.0
IN,Indiana ,2017,5438.0,537.0,483.0,54.0,4901.0,432.0,54.0,51.0,0.0
KS,Kansas ,2017,2287.0,341.0,251.0,90.0,1946.0,166.0,86.0,85.0,4.0
KY,Kentucky ,2017,4025.0,405.0,267.0,138.0,3620.0,252.0,131.0,15.0,7.0
LA,Louisiana ,2017,3305.0,618.0,183.0,435.0,2687.0,174.0,435.0,9.0,0.0
MA,Massachusetts ,2017,17565.0,1914.0,1555.0,359.0,15651.0,885.0,353.0,670.0,6.0
MD,Maryland ,2017,7247.0,1520.0,816.0,704.0,5727.0,746.0,690.0,70.0,14.0
ME,Maine ,2017,2280.0,201.0,201.0,0.0,2079.0,189.0,0.0,12.0,0.0
MI,Michigan ,2017,9051.0,774.0,538.0,236.0,8277.0,482.0,227.0,56.0,9.0
MN,Minnesota ,2017,7668.0,906.0,552.0,354.0,6762.0,472.0,341.0,80.0,13.0
MO,Missouri ,2017,6037.0,1087.0,723.0,364.0,4950.0,525.0,358.0,198.0,6.0
MS,Mississippi ,2017,1472.0,72.0,24.0,48.0,1400.0,13.0,48.0,11.0,0.0
MT,Montana ,2017,1529.0,198.0,75.0,123.0,1331.0,73.0,109.0,2.0,14.0
NC,North Carolina ,2017,8962.0,1075.0,396.0,679.0,7887.0,359.0,635.0,37.0,44.0
ND,North Dakota ,2017,1089.0,45.0,25.0,20.0,1044.0,25.0,12.0,0.0,8.0
NE,Nebraska ,2017,2501.0,375.0,299.0,76.0,2126.0,285.0,76.0,14.0,0.0
NH,New Hampshire ,2017,1456.0,137.0,62.0,75.0,1319.0,38.0,62.0,24.0,13.0
NJ,New Jersey ,2017,8536.0,1069.0,652.0,417.0,7467.0,542.0,413.0,110.0,4.0
NM,New Mexico ,2017,2482.0,814.0,463.0,351.0,1668.0,385.0,327.0,78.0,24.0
NV,Nevada ,2017,7833.0,512.0,123.0,389.0,7321.0,121.0,381.0,2.0,8.0
NY,New York ,2017,89503.0,6578.0,4598.0,1980.0,82925.0,3110.0,1977.0,1488.0,3.0
OH,Ohio ,2017,10095.0,772.0,425.0,347.0,9323.0,396.0,329.0,29.0,18.0
OK,Oklahoma ,2017,4199.0,660.0,348.0,312.0,3539.0,295.0,283.0,53.0,29.0
OR,Oregon ,2017,13953.0,3387.0,868.0,2519.0,10566.0,768.0,2352.0,100.0,167.0
PA,Pennsylvania ,2017,14138.0,1438.0,828.0,610.0,12700.0,768.0,604.0,60.0,6.0
RI,Rhode Island ,2017,1180.0,240.0,215.0,25.0,940.0,215.0,25.0,0.0,0.0
SC,South Carolina ,2017,3916.0,824.0,236.0,588.0,3092.0,226.0,566.0,10.0,22.0
SD,South Dakota ,2017,943.0,144.0,112.0,32.0,799.0,81.0,20.0,31.0,12.0
TN,Tennessee ,2017,8309.0,1484.0,571.0,913.0,6825.0,482.0,813.0,89.0,100.0
TX,Texas ,2017,23548.0,3711.0,1481.0,2230.0,19837.0,1319.0,2178.0,162.0,52.0
UT,Utah ,2017,2852.0,185.0,141.0,44.0,2667.0,119.0,44.0,22.0,0.0
VA,Virginia ,2017,6067.0,896.0,531.0,365.0,5171.0,501.0,363.0,30.0,2.0
VT,Vermont ,2017,1225.0,127.0,94.0,33.0,1098.0,82.0,29.0,12.0,4.0
WA,Washington ,2017,21112.0,4939.0,1747.0,3192.0,16173.0,1290.0,3067.0,457.0,125.0
WI,Wisconsin ,2017,5027.0,434.0,367.0,67.0,4593.0,275.0,67.0,92.0,0.0
WV,West Virginia ,2017,1309.0,206.0,140.0,66.0,1103.0,131.0,57.0,9.0,9.0
WY,Wyoming ,2017,873.0,68.0,26.0,42.0,805.0,14.0,0.0,12.0,42.0
AK,Alaska ,2016,1940.0,122.0,94.0,28.0,1818.0,84.0,28.0,10.0,0.0
AL,Alabama,2016,4111.0,420.0,172.0,248.0,3691.0,163.0,227.0,9.0,21.0
AR,Arkansas ,2016,2463.0,503.0,226.0,277.0,1960.0,163.0,254.0,63.0,23.0
AZ,Arizona ,2016,9707.0,1395.0,468.0,927.0,8312.0,423.0,904.0,45.0,23.0
CA,California ,2016,118142.0,31548.0,4478.0,27070.0,86594.0,3910.0,25892.0,568.0,1178.0
CO,Colorado ,2016,10550.0,1829.0,949.0,880.0,8721.0,883.0,759.0,66.0,121.0
CT,Connecticut ,2016,3902.0,467.0,282.0,185.0,3435.0,254.0,185.0,28.0,0.0
DC,Washington DC,2016,8350.0,1597.0,1357.0,240.0,6753.0,1261.0,240.0,96.0,0.0
DE,Delaware ,2016,1070.0,74.0,72.0,2.0,996.0,63.0,2.0,9.0,0.0
FL,Florida ,2016,33559.0,5895.0,1402.0,4493.0,27664.0,1219.0,4196.0,183.0,297.0
GA,Georgia ,2016,12909.0,1815.0,470.0,1345.0,11094.0,415.0,1243.0,55.0,102.0
HI,Hawaii ,2016,7921.0,1949.0,137.0,1812.0,5972.0,120.0,1539.0,17.0,273.0
IA,Iowa ,2016,3064.0,184.0,137.0,47.0,2880.0,112.0,47.0,25.0,0.0
ID,Idaho ,2016,2247.0,337.0,160.0,177.0,1910.0,99.0,128.0,61.0,49.0
IL,Illinois ,2016,11590.0,1024.0,620.0,404.0,10566.0,562.0,375.0,58.0,29.0
IN,Indiana ,2016,5798.0,589.0,374.0,215.0,5209.0,319.0,215.0,55.0,0.0
KS,Kansas ,2016,2255.0,362.0,254.0,108.0,1893.0,129.0,104.0,125.0,4.0
KY,Kentucky ,2016,4237.0,382.0,235.0,147.0,3855.0,218.0,135.0,17.0,12.0
LA,Louisiana ,2016,3994.0,570.0,167.0,403.0,3424.0,167.0,403.0,0.0,0.0
MA,Massachusetts ,2016,19608.0,2325.0,2074.0,251.0,17283.0,1023.0,249.0,1051.0,2.0
MD,Maryland ,2016,7689.0,1364.0,844.0,520.0,6325.0,782.0,495.0,62.0,25.0
ME,Maine ,2016,2241.0,217.0,174.0,43.0,2024.0,156.0,43.0,18.0,0.0
MI,Michigan ,2016,9316.0,776.0,579.0,197.0,8540.0,525.0,194.0,54.0,3.0
MN,Minnesota ,2016,7341.0,873.0,718.0,155.0,6468.0,570.0,145.0,148.0,10.0
MO,Missouri ,2016,6194.0,1136.0,765.0,371.0,5058.0,565.0,326.0,200.0,45.0
MS,Mississippi ,2016,1738.0,183.0,28.0,155.0,1555.0,28.0,152.0,0.0,3.0
MT,Montana ,2016,1418.0,137.0,26.0,111.0,1281.0,21.0,96.0,5.0,15.0
NC,North Carolina ,2016,9559.0,1184.0,638.0,546.0,8375.0,527.0,472.0,111.0,74.0
ND,North Dakota ,2016,923.0,120.0,41.0,79.0,803.0,41.0,48.0,0.0,31.0
NE,Nebraska ,2016,2754.0,233.0,196.0,37.0,2521.0,163.0,37.0,33.0,0.0
NH,New Hampshire ,2016,1366.0,281.0,216.0,65.0,1085.0,164.0,63.0,52.0,2.0
NJ,New Jersey ,2016,8895.0,822.0,399.0,423.0,8073.0,291.0,413.0,108.0,10.0
NM,New Mexico ,2016,2263.0,649.0,378.0,271.0,1614.0,342.0,261.0,36.0,10.0
NV,Nevada ,2016,7398.0,347.0,62.0,285.0,7051.0,45.0,285.0,17.0,0.0
NY,New York ,2016,86352.0,5368.0,3299.0,2069.0,80984.0,2063.0,2049.0,1236.0,20.0
OH,Ohio ,2016,10404.0,778.0,439.0,339.0,9626.0,403.0,330.0,36.0,9.0
OK,Oklahoma ,2016,4107.0,696.0,405.0,291.0,3411.0,329.0,281.0,76.0,10.0
OR,Oregon ,2016,13238.0,3460.0,554.0,2906.0,9778.0,506.0,2571.0,48.0,335.0
PA,Pennsylvania ,2016,15339.0,1325.0,787.0,538.0,14014.0,673.0,536.0,114.0,2.0
RI,Rhode Island ,2016,1160.0,144.0,141.0,3.0,1016.0,133.0,3.0,8.0,0.0
SC,South Carolina ,2016,5051.0,988.0,448.0,540.0,4063.0,395.0,518.0,53.0,22.0
SD,South Dakota ,2016,1072.0,44.0,37.0,7.0,1028.0,30.0,4.0,7.0,3.0
TN,Tennessee ,2016,8779.0,1782.0,694.0,1088.0,6997.0,613.0,1027.0,81.0,61.0
TX,Texas ,2016,23122.0,3689.0,1637.0,2052.0,19433.0,1500.0,2034.0,137.0,18.0
UT,Utah ,2016,2807.0,190.0,180.0,10.0,2617.0,158.0,10.0,22.0,0.0
VA,Virginia ,2016,6268.0,793.0,568.0,225.0,5475.0,525.0,225.0,43.0,0.0
VT,Vermont ,2016,1117.0,127.0,81.0,46.0,990.0,74.0,46.0,7.0,0.0
WA,Washington ,2016,20827.0,2567.0,981.0,1586.0,18260.0,825.0,1482.0,156.0,104.0
WI,Wisconsin ,2016,5685.0,363.0,296.0,67.0,5322.0,209.0,67.0,87.0,0.0
WV,West Virginia ,2016,1387.0,165.0,117.0,48.0,1222.0,113.0,48.0,4.0,0.0
WY,Wyoming ,2016,857.0,91.0,33.0,58.0,766.0,29.0,51.0,4.0,7.0
AK,Alaska ,2015,1956.0,222.0,81.0,141.0,1734.0,70.0,112.0,11.0,29.0
AL,Alabama,2015,3970.0,607.0,168.0,439.0,3363.0,157.0,400.0,11.0,39.0
AR,Arkansas ,2015,2560.0,623.0,319.0,304.0,1937.0,234.0,290.0,85.0,14.0
AZ,Arizona ,2015,9896.0,1366.0,344.0,1022.0,8530.0,297.0,949.0,47.0,73.0
CA,California ,2015,115738.0,32227.0,5077.0,27150.0,83511.0,4169.0,25009.0,908.0,2141.0
CO,Colorado ,2015,9953.0,1877.0,882.0,995.0,8076.0,754.0,818.0,128.0,177.0
CT,Connecticut ,2015,4047.0,583.0,278.0,305.0,3464.0,240.0,298.0,38.0,7.0
DC,Washington DC,2015,7298.0,1790.0,1470.0,320.0,5508.0,1273.0,320.0,197.0,0.0
DE,Delaware ,2015,953.0,80.0,75.0,5.0,873.0,59.0,5.0,16.0,0.0
FL,Florida ,2015,35900.0,6540.0,1383.0,5157.0,29360.0,1210.0,4811.0,173.0,346.0
GA,Georgia ,2015,13790.0,2137.0,622.0,1515.0,11653.0,568.0,1426.0,54.0,89.0
HI,Hawaii ,2015,7620.0,1534.0,180.0,1354.0,6086.0,153.0,1219.0,27.0,135.0
IA,Iowa ,2015,3081.0,275.0,221.0,54.0,2806.0,147.0,54.0,74.0,0.0
ID,Idaho ,2015,1966.0,245.0,112.0,133.0,1721.0,84.0,80.0,28.0,53.0
IL,Illinois ,2015,13177.0,1912.0,994.0,918.0,11265.0,892.0,907.0,102.0,11.0
IN,Indiana ,2015,5863.0,703.0,529.0,174.0,5160.0,450.0,158.0,79.0,16.0
KS,Kansas ,2015,2588.0,379.0,245.0,134.0,2209.0,214.0,125.0,31.0,9.0
KY,Kentucky ,2015,4538.0,457.0,413.0,44.0,4081.0,345.0,38.0,68.0,6.0
LA,Louisiana ,2015,4081.0,773.0,287.0,486.0,3308.0,255.0,480.0,32.0,6.0
MA,Massachusetts ,2015,21135.0,2561.0,2320.0,241.0,18574.0,1170.0,241.0,1150.0,0.0
MD,Maryland ,2015,8390.0,1847.0,1016.0,831.0,6543.0,923.0,711.0,93.0,120.0
ME,Maine ,2015,2372.0,217.0,203.0,14.0,2155.0,179.0,14.0,24.0,0.0
MI,Michigan ,2015,10516.0,935.0,621.0,314.0,9581.0,519.0,311.0,102.0,3.0
MN,Minnesota ,2015,7546.0,1396.0,1054.0,342.0,6150.0,833.0,291.0,221.0,51.0
MO,Missouri ,2015,6482.0,1025.0,652.0,373.0,5457.0,536.0,339.0,116.0,34.0
MS,Mississippi ,2015,1983.0,243.0,67.0,176.0,1740.0,67.0,166.0,0.0,10.0
MT,Montana ,2015,1709.0,166.0,26.0,140.0,1543.0,23.0,131.0,3.0,9.0
NC,North Carolina ,2015,10685.0,1364.0,682.0,682.0,9321.0,605.0,648.0,77.0,34.0
ND,North Dakota ,2015,1305.0,138.0,68.0,70.0,1167.0,52.0,18.0,16.0,52.0
NE,Nebraska ,2015,2744.0,322.0,266.0,56.0,2422.0,201.0,56.0,65.0,0.0
NH,New Hampshire ,2015,1445.0,317.0,260.0,57.0,1128.0,205.0,52.0,55.0,5.0
NJ,New Jersey ,2015,10098.0,1410.0,972.0,438.0,8688.0,752.0,430.0,220.0,8.0
NM,New Mexico ,2015,2629.0,716.0,445.0,271.0,1913.0,360.0,261.0,85.0,10.0
NV,Nevada ,2015,8743.0,594.0,117.0,477.0,8149.0,108.0,477.0,9.0,0.0
NY,New York ,2015,88250.0,7116.0,4733.0,2383.0,81134.0,1982.0,2345.0,2751.0,38.0
OH,Ohio ,2015,11182.0,1275.0,887.0,388.0,9907.0,782.0,378.0,105.0,10.0
OK,Oklahoma ,2015,3777.0,581.0,342.0,239.0,3196.0,289.0,219.0,53.0,20.0
OR,Oregon ,2015,13226.0,4011.0,1008.0,3003.0,9215.0,921.0,2600.0,87.0,403.0
PA,Pennsylvania ,2015,15421.0,1590.0,1040.0,550.0,13831.0,909.0,533.0,131.0,17.0
RI,Rhode Island ,2015,1111.0,130.0,118.0,12.0,981.0,100.0,10.0,18.0,2.0
SC,South Carolina ,2015,5354.0,1020.0,525.0,495.0,4334.0,456.0,460.0,69.0,35.0
SD,South Dakota ,2015,1036.0,95.0,67.0,28.0,941.0,59.0,26.0,8.0,2.0
TN,Tennessee ,2015,9123.0,1650.0,702.0,948.0,7473.0,648.0,844.0,54.0,104.0
TX,Texas ,2015,23678.0,4304.0,1915.0,2389.0,19374.0,1543.0,2235.0,372.0,154.0
UT,Utah ,2015,3025.0,233.0,215.0,18.0,2792.0,165.0,13.0,50.0,5.0
VA,Virginia ,2015,7001.0,1158.0,789.0,369.0,5843.0,702.0,339.0,87.0,30.0
VT,Vermont ,2015,1523.0,166.0,111.0,55.0,1357.0,84.0,55.0,27.0,0.0
WA,Washington ,2015,19419.0,2482.0,1027.0,1455.0,16937.0,908.0,1353.0,119.0,102.0
WI,Wisconsin ,2015,6057.0,464.0,377.0,87.0,5593.0,277.0,84.0,100.0,3.0
WV,West Virginia ,2015,1835.0,386.0,226.0,160.0,1449.0,192.0,160.0,34.0,0.0
WY,Wyoming ,2015,798.0,102.0,37.0,65.0,696.0,35.0,51.0,2.0,14.0
AK,Alaska ,2014,1784.0,206.0,137.0,69.0,1578.0,119.0,63.0,18.0,6.0
AL,Alabama,2014,4561.0,729.0,283.0,446.0,3832.0,245.0,373.0,38.0,73.0
AR,Arkansas ,2014,2936.0,519.0,85.0,434.0,2417.0,82.0,434.0,3.0,0.0
AZ,Arizona ,2014,10495.0,959.0,316.0,643.0,9536.0,303.0,601.0,13.0,42.0
CA,California ,2014,113952.0,31078.0,5131.0,25947.0,82874.0,4417.0,23783.0,714.0,2164.0
CO,Colorado ,2014,10028.0,1621.0,747.0,874.0,8407.0,635.0,700.0,112.0,174.0
CT,Connecticut ,2014,4450.0,1215.0,847.0,368.0,3235.0,696.0,330.0,151.0,38.0
DC,Washington DC,2014,7748.0,2029.0,1694.0,335.0,5719.0,1274.0,335.0,420.0,0.0
DE,Delaware ,2014,901.0,91.0,82.0,9.0,810.0,79.0,9.0,3.0,0.0
FL,Florida ,2014,41542.0,7989.0,1903.0,6086.0,33553.0,1717.0,5126.0,186.0,960.0
GA,Georgia ,2014,16521.0,3004.0,945.0,2059.0,13517.0,862.0,1783.0,83.0,276.0
HI,Hawaii ,2014,6918.0,1301.0,199.0,1102.0,5617.0,145.0,964.0,54.0,138.0
IA,Iowa ,2014,3122.0,244.0,154.0,90.0,2878.0,121.0,90.0,33.0,0.0
ID,Idaho ,2014,2104.0,244.0,105.0,139.0,1860.0,69.0,87.0,36.0,52.0
IL,Illinois ,2014,13107.0,1488.0,1010.0,478.0,11619.0,891.0,458.0,119.0,20.0
IN,Indiana ,2014,5971.0,596.0,485.0,111.0,5375.0,433.0,109.0,52.0,2.0
KS*,Kansas*,2014,2783.0,320.0,212.0,108.0,2463.0,184.0,106.0,28.0,2.0
KY,Kentucky ,2014,5089.0,727.0,499.0,228.0,4362.0,424.0,190.0,75.0,38.0
LA,Louisiana ,2014,4606.0,776.0,262.0,514.0,3830.0,232.0,511.0,30.0,3.0
MA,Massachusetts ,2014,21237.0,3311.0,3006.0,305.0,17926.0,1285.0,305.0,1721.0,0.0
MD,Maryland ,2014,7856.0,1740.0,1135.0,605.0,6116.0,997.0,518.0,138.0,87.0
ME,Maine ,2014,2726.0,244.0,218.0,26.0,2482.0,200.0,18.0,18.0,8.0
MI,Michigan ,2014,12227.0,1293.0,825.0,468.0,10934.0,745.0,415.0,80.0,53.0
MN,Minnesota ,2014,8377.0,1235.0,889.0,346.0,7142.0,562.0,323.0,327.0,23.0
MO,Missouri ,2014,7282.0,997.0,714.0,283.0,6285.0,469.0,266.0,245.0,17.0
MS,Mississippi ,2014,2226.0,282.0,79.0,203.0,1944.0,74.0,201.0,5.0,2.0
MT,Montana ,2014,1745.0,270.0,77.0,193.0,1475.0,71.0,185.0,6.0,8.0
NC,North Carolina ,2014,11491.0,1431.0,720.0,711.0,10060.0,639.0,645.0,81.0,66.0
ND,North Dakota ,2014,1258.0,115.0,101.0,14.0,1143.0,97.0,14.0,4.0,0.0
NE,Nebraska ,2014,3026.0,426.0,397.0,29.0,2600.0,336.0,29.0,61.0,0.0
NH,New Hampshire ,2014,1376.0,338.0,286.0,52.0,1038.0,251.0,50.0,35.0,2.0
NJ,New Jersey ,2014,11671.0,1399.0,1007.0,392.0,10272.0,760.0,390.0,247.0,2.0
NM,New Mexico ,2014,2746.0,709.0,490.0,219.0,2037.0,458.0,159.0,32.0,60.0
NV,Nevada ,2014,8582.0,705.0,104.0,601.0,7877.0,96.0,601.0,8.0,0.0
NY,New York ,2014,80590.0,7212.0,4783.0,2429.0,73378.0,1947.0,2403.0,2836.0,26.0
OH,Ohio ,2014,11823.0,1481.0,1009.0,472.0,10342.0,894.0,446.0,115.0,26.0
OK,Oklahoma ,2014,4191.0,671.0,416.0,255.0,3520.0,366.0,219.0,50.0,36.0
OR,Oregon ,2014,12164.0,2695.0,577.0,2118.0,9469.0,505.0,1702.0,72.0,416.0
PA,Pennsylvania ,2014,15333.0,1607.0,1134.0,473.0,13726.0,983.0,466.0,151.0,7.0
RI,Rhode Island ,2014,1190.0,204.0,198.0,6.0,986.0,198.0,6.0,0.0,0.0
SC,South Carolina ,2014,5057.0,273.0,100.0,173.0,4784.0,100.0,173.0,0.0,0.0
SD,South Dakota ,2014,885.0,118.0,92.0,26.0,767.0,68.0,13.0,24.0,13.0
TN,Tennessee ,2014,9415.0,2195.0,1364.0,831.0,7220.0,1169.0,735.0,195.0,96.0
TX,Texas ,2014,28495.0,5416.0,2231.0,3185.0,23079.0,1892.0,3060.0,339.0,125.0
UT,Utah ,2014,3081.0,422.0,380.0,42.0,2659.0,346.0,40.0,34.0,2.0
VA,Virginia ,2014,7020.0,1021.0,730.0,291.0,5999.0,674.0,291.0,56.0,0.0
VT,Vermont ,2014,1559.0,283.0,228.0,55.0,1276.0,159.0,40.0,69.0,15.0
WA,Washington ,2014,18442.0,2535.0,1129.0,1406.0,15907.0,1015.0,1296.0,114.0,110.0
WI,Wisconsin ,2014,6055.0,524.0,447.0,77.0,5531.0,359.0,77.0,88.0,0.0
WV,West Virginia ,2014,2013.0,482.0,304.0,178.0,1531.0,279.0,145.0,25.0,33.0
WY,Wyoming ,2014,757.0,144.0,104.0,40.0,613.0,86.0,19.0,18.0,21.0
AK,Alaska ,2013,1946.0,184.0,138.0,46.0,1762.0,124.0,42.0,14.0,4.0
AL,Alabama,2013,4689.0,858.0,295.0,563.0,3831.0,249.0,519.0,46.0,44.0
AR,Arkansas ,2013,3812.0,602.0,171.0,431.0,3210.0,142.0,423.0,29.0,8.0
AZ,Arizona ,2013,10562.0,1188.0,520.0,668.0,9374.0,450.0,614.0,70.0,54.0
CA,California ,2013,118552.0,33112.0,5251.0,27861.0,85440.0,4177.0,25071.0,1074.0,2790.0
CO,Colorado ,2013,9754.0,1780.0,846.0,934.0,7974.0,665.0,689.0,181.0,245.0
CT,Connecticut ,2013,4448.0,1046.0,678.0,368.0,3402.0,542.0,330.0,136.0,38.0
DC,Washington DC,2013,6865.0,2027.0,1566.0,461.0,4838.0,1303.0,461.0,263.0,0.0
DE,Delaware ,2013,946.0,71.0,68.0,3.0,875.0,62.0,3.0,6.0,0.0
FL,Florida ,2013,47862.0,9647.0,1873.0,7774.0,38215.0,1608.0,6170.0,265.0,1604.0
GA,Georgia ,2013,16971.0,3082.0,936.0,2146.0,13889.0,842.0,1871.0,94.0,275.0
HI,Hawaii ,2013,6335.0,1180.0,273.0,907.0,5155.0,212.0,819.0,61.0,88.0
IA,Iowa ,2013,3084.0,327.0,258.0,69.0,2757.0,208.0,69.0,50.0,0.0
ID,Idaho ,2013,1781.0,271.0,165.0,106.0,1510.0,105.0,88.0,60.0,18.0
IL,Illinois ,2013,13425.0,1574.0,980.0,594.0,11851.0,890.0,513.0,90.0,81.0
IN,Indiana ,2013,6096.0,580.0,409.0,171.0,5516.0,343.0,168.0,66.0,3.0
KS,Kansas ,2013,2693.0,356.0,249.0,107.0,2337.0,204.0,100.0,45.0,7.0
KY,Kentucky ,2013,5245.0,541.0,268.0,273.0,4704.0,219.0,175.0,49.0,98.0
LA,Louisiana ,2013,5226.0,1115.0,245.0,870.0,4111.0,227.0,788.0,18.0,82.0
MA,Massachusetts ,2013,19029.0,2115.0,1715.0,400.0,16914.0,1180.0,397.0,535.0,3.0
MD,Maryland ,2013,8205.0,1480.0,862.0,618.0,6725.0,725.0,524.0,137.0,94.0
ME,Maine ,2013,3016.0,176.0,176.0,0.0,2840.0,159.0,0.0,17.0,0.0
MI,Michigan ,2013,11527.0,1106.0,666.0,440.0,10421.0,578.0,391.0,88.0,49.0
MN,Minnesota ,2013,8214.0,1350.0,1001.0,349.0,6864.0,622.0,293.0,379.0,56.0
MO,Missouri ,2013,8581.0,1037.0,601.0,436.0,7544.0,394.0,301.0,207.0,135.0
MS,Mississippi ,2013,2403.0,475.0,68.0,407.0,1928.0,61.0,347.0,7.0,60.0
MT,Montana ,2013,1878.0,227.0,65.0,162.0,1651.0,55.0,155.0,10.0,7.0
NC,North Carolina ,2013,12168.0,1842.0,802.0,1040.0,10326.0,675.0,776.0,127.0,264.0
ND,North Dakota ,2013,2069.0,179.0,68.0,111.0,1890.0,68.0,42.0,0.0,69.0
NE,Nebraska ,2013,3145.0,414.0,342.0,72.0,2731.0,273.0,66.0,69.0,6.0
NH,New Hampshire ,2013,1447.0,255.0,135.0,120.0,1192.0,118.0,108.0,17.0,12.0
NJ,New Jersey ,2013,12002.0,1237.0,847.0,390.0,10765.0,638.0,364.0,209.0,26.0
NM,New Mexico ,2013,2819.0,525.0,306.0,219.0,2294.0,240.0,159.0,66.0,60.0
NV,Nevada ,2013,7039.0,724.0,377.0,347.0,6315.0,375.0,343.0,2.0,4.0
NY,New York ,2013,77430.0,6317.0,3885.0,2432.0,71113.0,1673.0,2372.0,2212.0,60.0
OH,Ohio ,2013,12325.0,1753.0,1207.0,546.0,10572.0,1135.0,542.0,72.0,4.0
OK,Oklahoma ,2013,4408.0,719.0,330.0,389.0,3689.0,260.0,357.0,70.0,32.0
OR,Oregon ,2013,13822.0,3043.0,723.0,2320.0,10779.0,588.0,1856.0,135.0,464.0
PA,Pennsylvania ,2013,15086.0,1681.0,1010.0,671.0,13405.0,889.0,647.0,121.0,24.0
RI,Rhode Island ,2013,1384.0,251.0,198.0,53.0,1133.0,190.0,53.0,8.0,0.0
SC,South Carolina ,2013,6544.0,483.0,143.0,340.0,6061.0,125.0,328.0,18.0,12.0
SD,South Dakota ,2013,1094.0,217.0,71.0,146.0,877.0,42.0,75.0,29.0,71.0
TN,Tennessee ,2013,9528.0,2219.0,1162.0,1057.0,7309.0,1079.0,850.0,83.0,207.0
TX,Texas ,2013,29615.0,5535.0,2168.0,3367.0,24080.0,1677.0,3093.0,491.0,274.0
UT,Utah ,2013,3277.0,454.0,349.0,105.0,2823.0,268.0,79.0,81.0,26.0
VA,Virginia ,2013,7625.0,1356.0,875.0,481.0,6269.0,797.0,465.0,78.0,16.0
VT,Vermont ,2013,1454.0,217.0,140.0,77.0,1237.0,110.0,73.0,30.0,4.0
WA,Washington ,2013,17760.0,2196.0,1076.0,1120.0,15564.0,955.0,972.0,121.0,148.0
WI,Wisconsin ,2013,6104.0,521.0,383.0,138.0,5583.0,313.0,136.0,70.0,2.0
WV,West Virginia ,2013,2240.0,432.0,250.0,182.0,1808.0,211.0,179.0,39.0,3.0
WY,Wyoming ,2013,953.0,244.0,116.0,128.0,709.0,116.0,105.0,0.0,23.0
AK,Alaska ,2012,1913.0,279.0,263.0,16.0,1634.0,257.0,16.0,6.0,0.0
AL,Alabama,2012,5209.0,969.0,353.0,616.0,4240.0,331.0,579.0,22.0,37.0
AR,Arkansas ,2012,4214.0,437.0,171.0,266.0,3777.0,142.0,219.0,29.0,47.0
AZ,Arizona ,2012,11302.0,1895.0,615.0,1280.0,9407.0,389.0,1216.0,226.0,64.0
CA,California ,2012,120098.0,33356.0,5458.0,27898.0,86742.0,4912.0,25277.0,546.0,2621.0
CO,Colorado ,2012,16768.0,1943.0,784.0,1159.0,14825.0,493.0,1119.0,291.0,40.0
CT,Connecticut ,2012,4209.0,944.0,614.0,330.0,3265.0,594.0,330.0,20.0,0.0
DC,Washington DC,2012,6954.0,2315.0,1773.0,542.0,4639.0,1328.0,542.0,445.0,0.0
DE,Delaware ,2012,1008.0,100.0,89.0,11.0,908.0,73.0,11.0,16.0,0.0
FL,Florida ,2012,55170.0,10054.0,2406.0,7648.0,45116.0,2132.0,6550.0,274.0,1098.0
GA,Georgia ,2012,20516.0,3843.0,1426.0,2417.0,16673.0,1030.0,1986.0,396.0,431.0
HI,Hawaii ,2012,6246.0,949.0,146.0,803.0,5297.0,128.0,782.0,18.0,21.0
IA,Iowa ,2012,2928.0,307.0,218.0,89.0,2621.0,181.0,89.0,37.0,0.0
ID,Idaho ,2012,1968.0,252.0,111.0,141.0,1716.0,90.0,110.0,21.0,31.0
IL,Illinois ,2012,14144.0,2206.0,1144.0,1062.0,11938.0,1086.0,993.0,58.0,69.0
IN,Indiana ,2012,6259.0,545.0,369.0,176.0,5714.0,285.0,176.0,84.0,0.0
KS,Kansas ,2012,2684.0,371.0,275.0,96.0,2313.0,218.0,89.0,57.0,7.0
KY,Kentucky ,2012,5230.0,629.0,423.0,206.0,4601.0,347.0,150.0,76.0,56.0
LA,Louisiana ,2012,7772.0,2893.0,352.0,2541.0,4879.0,280.0,2463.0,72.0,78.0
MA,Massachusetts ,2012,17501.0,2055.0,1723.0,332.0,15446.0,1168.0,332.0,555.0,0.0
MD,Maryland ,2012,9454.0,1407.0,559.0,848.0,8047.0,489.0,770.0,70.0,78.0
ME,Maine ,2012,2393.0,233.0,231.0,2.0,2160.0,220.0,2.0,11.0,0.0
MI,Michigan ,2012,12592.0,1370.0,843.0,527.0,11222.0,690.0,484.0,153.0,43.0
MN,Minnesota ,2012,7744.0,1718.0,1346.0,372.0,6026.0,700.0,304.0,646.0,68.0
MO,Missouri ,2012,10237.0,1632.0,1028.0,604.0,8605.0,609.0,297.0,419.0,307.0
MS,Mississippi ,2012,2413.0,501.0,67.0,434.0,1912.0,55.0,395.0,12.0,39.0
MT,Montana ,2012,1833.0,388.0,213.0,175.0,1445.0,161.0,143.0,52.0,32.0
NC,North Carolina ,2012,13524.0,1621.0,702.0,919.0,11903.0,641.0,824.0,61.0,95.0
ND,North Dakota ,2012,688.0,86.0,78.0,8.0,602.0,75.0,6.0,3.0,2.0
NE,Nebraska ,2012,3789.0,501.0,333.0,168.0,3288.0,288.0,108.0,45.0,60.0
NH,New Hampshire ,2012,1496.0,274.0,180.0,94.0,1222.0,151.0,86.0,29.0,8.0
NJ,New Jersey ,2012,13025.0,1026.0,717.0,309.0,11999.0,609.0,272.0,108.0,37.0
NM,New Mexico ,2012,3245.0,1072.0,613.0,459.0,2173.0,566.0,407.0,47.0,52.0
NV,Nevada ,2012,8497.0,1725.0,599.0,1126.0,6772.0,480.0,1123.0,119.0,3.0
NY,New York ,2012,69566.0,4897.0,2461.0,2436.0,64669.0,1902.0,2422.0,559.0,14.0
OH,Ohio ,2012,13977.0,1982.0,1367.0,615.0,11995.0,1196.0,592.0,171.0,23.0
OK,Oklahoma ,2012,5032.0,569.0,287.0,282.0,4463.0,237.0,244.0,50.0,38.0
OR,Oregon ,2012,15828.0,3302.0,754.0,2548.0,12526.0,654.0,2128.0,100.0,420.0
PA,Pennsylvania ,2012,14736.0,2106.0,1121.0,985.0,12630.0,971.0,593.0,150.0,392.0
RI,Rhode Island ,2012,1277.0,154.0,154.0,0.0,1123.0,148.0,0.0,6.0,0.0
SC,South Carolina ,2012,4915.0,528.0,114.0,414.0,4387.0,113.0,275.0,1.0,139.0
SD,South Dakota ,2012,859.0,138.0,125.0,13.0,721.0,100.0,13.0,25.0,0.0
TN,Tennessee ,2012,9426.0,2266.0,1126.0,1140.0,7160.0,1053.0,1061.0,73.0,79.0
TX,Texas ,2012,34052.0,6650.0,2180.0,4470.0,27402.0,1860.0,4255.0,320.0,215.0
UT,Utah ,2012,3527.0,443.0,299.0,144.0,3084.0,240.0,91.0,59.0,53.0
VA,Virginia ,2012,8424.0,1646.0,1042.0,604.0,6778.0,969.0,562.0,73.0,42.0
VT,Vermont ,2012,1160.0,228.0,153.0,75.0,932.0,128.0,62.0,25.0,13.0
WA,Washington ,2012,20504.0,2213.0,1227.0,986.0,18291.0,1138.0,903.0,89.0,83.0
WI,Wisconsin ,2012,6027.0,487.0,361.0,126.0,5540.0,270.0,107.0,91.0,19.0
WV,West Virginia ,2012,2410.0,410.0,215.0,195.0,2000.0,172.0,174.0,43.0,21.0
WY,Wyoming ,2012,1813.0,452.0,99.0,353.0,1361.0,97.0,278.0,2.0,75.0
AK,Alaska ,2011,2128.0,253.0,194.0,59.0,1875.0,169.0,57.0,25.0,2.0
AL,Alabama,2011,5558.0,1114.0,418.0,696.0,4444.0,396.0,650.0,22.0,46.0
AR,Arkansas ,2011,3424.0,607.0,328.0,279.0,2817.0,267.0,233.0,61.0,46.0
AZ,Arizona ,2011,10504.0,2283.0,1028.0,1255.0,8221.0,738.0,1201.0,290.0,54.0
CA,California ,2011,125128.0,34589.0,7039.0,27550.0,90539.0,5826.0,24981.0,1213.0,2569.0
CO,Colorado ,2011,15116.0,1495.0,549.0,946.0,13621.0,376.0,912.0,173.0,34.0
CT,Connecticut ,2011,4456.0,1099.0,769.0,330.0,3357.0,713.0,330.0,56.0,0.0
DC,Washington DC,2011,6546.0,2509.0,2234.0,275.0,4037.0,1818.0,275.0,416.0,0.0
DE,Delaware ,2011,1035.0,70.0,59.0,11.0,965.0,59.0,11.0,0.0,0.0
FL,Florida ,2011,56687.0,11638.0,3577.0,8061.0,45049.0,3195.0,7068.0,382.0,993.0
GA,Georgia ,2011,20975.0,4581.0,2112.0,2469.0,16394.0,1841.0,2038.0,271.0,431.0
HI,Hawaii ,2011,6188.0,935.0,116.0,819.0,5253.0,111.0,793.0,5.0,26.0
IA,Iowa ,2011,3134.0,351.0,284.0,67.0,2783.0,248.0,67.0,36.0,0.0
ID,Idaho ,2011,2199.0,308.0,149.0,159.0,1891.0,129.0,107.0,20.0,52.0
IL,Illinois ,2011,14009.0,2563.0,1483.0,1080.0,11446.0,1393.0,1007.0,90.0,73.0
IN,Indiana ,2011,6196.0,602.0,425.0,177.0,5594.0,425.0,177.0,0.0,0.0
KS,Kansas ,2011,2511.0,338.0,252.0,86.0,2173.0,205.0,75.0,47.0,11.0
KY,Kentucky ,2011,6034.0,784.0,577.0,207.0,5250.0,508.0,151.0,69.0,56.0
LA,Louisiana ,2011,9291.0,4433.0,165.0,4268.0,4858.0,158.0,4194.0,7.0,74.0
MA,Massachusetts ,2011,16664.0,2061.0,1711.0,350.0,14603.0,1319.0,347.0,392.0,3.0
MD,Maryland ,2011,10208.0,1800.0,898.0,902.0,8408.0,803.0,824.0,95.0,78.0
ME,Maine ,2011,2447.0,212.0,202.0,10.0,2235.0,202.0,10.0,0.0,0.0
MI,Michigan ,2011,13185.0,1764.0,1258.0,506.0,11421.0,1142.0,469.0,116.0,37.0
MN,Minnesota ,2011,7495.0,1862.0,1518.0,344.0,5633.0,955.0,256.0,563.0,88.0
MO,Missouri ,2011,8989.0,1418.0,929.0,489.0,7571.0,792.0,364.0,137.0,125.0
MS,Mississippi ,2011,2306.0,471.0,135.0,336.0,1835.0,126.0,312.0,9.0,24.0
MT,Montana ,2011,1768.0,324.0,149.0,175.0,1444.0,76.0,127.0,73.0,48.0
NC,North Carolina ,2011,12896.0,1476.0,916.0,560.0,11420.0,845.0,520.0,71.0,40.0
ND,North Dakota ,2011,603.0,75.0,69.0,6.0,528.0,63.0,4.0,6.0,2.0
NE,Nebraska ,2011,3548.0,502.0,409.0,93.0,3046.0,361.0,84.0,48.0,9.0
NH,New Hampshire ,2011,1469.0,226.0,148.0,78.0,1243.0,93.0,73.0,55.0,5.0
NJ,New Jersey ,2011,14137.0,955.0,788.0,167.0,13182.0,610.0,140.0,178.0,27.0
NM,New Mexico ,2011,3601.0,1117.0,658.0,459.0,2484.0,564.0,407.0,94.0,52.0
NV,Nevada ,2011,9150.0,1353.0,196.0,1157.0,7797.0,187.0,1155.0,9.0,2.0
NY,New York ,2011,63445.0,4208.0,2070.0,2138.0,59237.0,1755.0,2085.0,315.0,53.0
OH,Ohio ,2011,13030.0,2014.0,1382.0,632.0,11016.0,1288.0,593.0,94.0,39.0
OK,Oklahoma ,2011,4625.0,793.0,418.0,375.0,3832.0,307.0,261.0,111.0,114.0
OR,Oregon ,2011,17254.0,3739.0,916.0,2823.0,13515.0,704.0,2313.0,212.0,510.0
PA,Pennsylvania ,2011,15096.0,1719.0,1139.0,580.0,13377.0,938.0,570.0,201.0,10.0
RI,Rhode Island ,2011,1070.0,176.0,171.0,5.0,894.0,171.0,5.0,0.0,0.0
SC,South Carolina ,2011,5093.0,645.0,231.0,414.0,4448.0,229.0,275.0,2.0,139.0
SD,South Dakota ,2011,826.0,34.0,21.0,13.0,792.0,21.0,13.0,0.0,0.0
TN,Tennessee ,2011,9113.0,1757.0,904.0,853.0,7356.0,828.0,833.0,76.0,20.0
TX,Texas ,2011,36911.0,8223.0,3253.0,4970.0,28688.0,2695.0,4695.0,558.0,275.0
UT,Utah ,2011,3130.0,383.0,284.0,99.0,2747.0,265.0,99.0,19.0,0.0
VA,Virginia ,2011,8816.0,1643.0,1029.0,614.0,7173.0,973.0,598.0,56.0,16.0
VT,Vermont ,2011,1144.0,114.0,87.0,27.0,1030.0,67.0,27.0,20.0,0.0
WA,Washington ,2011,20439.0,2388.0,1313.0,1075.0,18051.0,1211.0,925.0,102.0,150.0
WI,Wisconsin ,2011,5785.0,497.0,425.0,72.0,5288.0,347.0,63.0,78.0,9.0
WV,West Virginia ,2011,2211.0,299.0,189.0,110.0,1912.0,179.0,108.0,10.0,2.0
WY,Wyoming ,2011,1038.0,104.0,27.0,77.0,934.0,27.0,55.0,0.0,22.0
AK,Alaska ,2010,1863.0,164.0,119.0,45.0,1699.0,270.0,30.0,,
AL,Alabama,2010,6046.0,1043.0,502.0,541.0,5003.0,911.0,178.0,,
AR,Arkansas ,2010,2762.0,395.0,145.0,250.0,2367.0,247.0,115.0,,
AZ,Arizona ,2010,13711.0,1935.0,544.0,1391.0,11776.0,1052.0,1178.0,,
CA,California ,2010,123480.0,31235.0,6964.0,24271.0,92245.0,6600.0,11004.0,,
CO,Colorado ,2010,15482.0,1432.0,510.0,922.0,14050.0,853.0,463.0,,
CT,Connecticut ,2010,4316.0,777.0,595.0,182.0,3539.0,423.0,60.0,,
DC,Washington DC,2010,6539.0,2110.0,1723.0,387.0,4429.0,563.0,16.0,,
DE,Delaware ,2010,982.0,97.0,71.0,26.0,885.0,69.0,5.0,,
FL,Florida ,2010,57551.0,9232.0,3700.0,5532.0,48319.0,2818.0,4976.0,,
GA,Georgia ,2010,19836.0,3635.0,1495.0,2140.0,16201.0,1372.0,1394.0,,
HI,Hawaii ,2010,5834.0,801.0,96.0,705.0,5033.0,176.0,243.0,,
IA,Iowa ,2010,3014.0,249.0,182.0,67.0,2765.0,207.0,14.0,,
ID,Idaho ,2010,2346.0,111.0,37.0,74.0,2235.0,128.0,111.0,,
IL,Illinois ,2010,14395.0,2130.0,1435.0,695.0,12265.0,886.0,247.0,,
IN,Indiana ,2010,6452.0,775.0,478.0,297.0,5677.0,633.0,134.0,,
KS,Kansas ,2010,2024.0,191.0,149.0,42.0,1833.0,660.0,51.0,,
KY,Kentucky ,2010,6623.0,695.0,404.0,291.0,5928.0,534.0,85.0,,
LA,Louisiana ,2010,12482.0,4815.0,226.0,4589.0,7667.0,502.0,1513.0,,
MA,Massachusetts ,2010,16646.0,2007.0,1502.0,505.0,14639.0,1449.0,148.0,,
MD,Maryland ,2010,10845.0,2179.0,1231.0,948.0,8666.0,646.0,264.0,,
ME,Maine ,2010,2379.0,226.0,221.0,5.0,2153.0,105.0,3.0,,
MI,Michigan ,2010,13058.0,1824.0,1309.0,515.0,11234.0,785.0,179.0,,
MN,Minnesota ,2010,7869.0,1490.0,1149.0,341.0,6379.0,553.0,91.0,,
MO,Missouri ,2010,8122.0,1287.0,977.0,310.0,6835.0,629.0,130.0,,
MS,Mississippi ,2010,2743.0,357.0,130.0,227.0,2386.0,215.0,124.0,,
MT,Montana ,2010,1615.0,145.0,96.0,49.0,1470.0,156.0,106.0,,
NC,North Carolina ,2010,12191.0,1479.0,1077.0,402.0,10712.0,907.0,177.0,,
ND,North Dakota ,2010,799.0,64.0,61.0,3.0,735.0,114.0,5.0,,
NE,Nebraska ,2010,3877.0,535.0,416.0,119.0,3342.0,243.0,62.0,,
NH,New Hampshire ,2010,1574.0,326.0,280.0,46.0,1248.0,143.0,30.0,,
NJ,New Jersey ,2010,13737.0,877.0,617.0,260.0,12860.0,488.0,79.0,,
NM,New Mexico ,2010,3475.0,779.0,341.0,438.0,2696.0,259.0,182.0,,
NV,Nevada ,2010,11205.0,1415.0,253.0,1162.0,9790.0,1230.0,613.0,,
NY,New York ,2010,65606.0,4259.0,1905.0,2354.0,61347.0,5046.0,811.0,,
OH,Ohio ,2010,12569.0,2240.0,1676.0,564.0,10329.0,1293.0,234.0,,
OK,Oklahoma ,2010,5229.0,620.0,395.0,225.0,4609.0,350.0,124.0,,
OR,Oregon ,2010,19492.0,2601.0,683.0,1918.0,16891.0,573.0,712.0,,
PA,Pennsylvania ,2010,14516.0,1524.0,868.0,656.0,12992.0,1274.0,167.0,,
RI,Rhode Island ,2010,1282.0,86.0,60.0,26.0,1196.0,87.0,4.0,,
SC,South Carolina ,2010,4473.0,674.0,392.0,282.0,3799.0,497.0,190.0,,
SD,South Dakota ,2010,731.0,109.0,45.0,64.0,622.0,118.0,17.0,,
TN,Tennessee ,2010,10276.0,2495.0,1496.0,999.0,7781.0,1075.0,604.0,,
TX,Texas ,2010,35121.0,6512.0,2577.0,3935.0,28609.0,2688.0,2445.0,,
UT,Utah ,2010,3284.0,406.0,125.0,281.0,2878.0,301.0,41.0,,
VA,Virginia ,2010,9080.0,1510.0,983.0,527.0,7570.0,830.0,165.0,,
VT,Vermont ,2010,1220.0,133.0,85.0,48.0,1087.0,104.0,13.0,,
WA,Washington ,2010,22878.0,2106.0,1281.0,825.0,20772.0,1282.0,761.0,,
WI,Wisconsin ,2010,6333.0,727.0,608.0,119.0,5606.0,581.0,28.0,,
WV,West Virginia ,2010,2264.0,516.0,358.0,158.0,1748.0,393.0,183.0,,
WY,Wyoming ,2010,579.0,101.0,52.0,49.0,478.0,71.0,14.0,,
AK,Alaska ,2009,1992.0,323.0,245.0,78.0,1669.0,222.0,37.0,,
AL,Alabama,2009,6080.0,1189.0,652.0,537.0,4891.0,858.0,205.0,,
AR,Arkansas ,2009,2852.0,406.0,146.0,260.0,2446.0,168.0,82.0,,
AZ,Arizona ,2009,14721.0,2229.0,538.0,1691.0,12492.0,1216.0,1127.0,,
CA,California ,2009,123678.0,31412.0,7001.0,24411.0,92266.0,6799.0,11174.0,,
CO,Colorado ,2009,15268.0,1286.0,510.0,776.0,13982.0,964.0,507.0,,
CT,Connecticut ,2009,4605.0,824.0,640.0,184.0,3781.0,401.0,61.0,,
DC,Washington DC,2009,6228.0,1923.0,1632.0,291.0,4305.0,613.0,29.0,,
DE,Delaware ,2009,1130.0,167.0,150.0,17.0,963.0,91.0,9.0,,
FL,Florida ,2009,55599.0,9062.0,3493.0,5569.0,46537.0,2907.0,4228.0,,
GA,Georgia ,2009,20360.0,3771.0,1620.0,2151.0,16589.0,1373.0,1387.0,,
HI,Hawaii ,2009,5782.0,772.0,124.0,648.0,5010.0,234.0,265.0,,
IA,Iowa ,2009,3380.0,306.0,238.0,68.0,3074.0,247.0,23.0,,
ID,Idaho ,2009,1939.0,210.0,157.0,53.0,1729.0,194.0,76.0,,
IL,Illinois ,2009,14055.0,2212.0,1564.0,648.0,11843.0,801.0,227.0,,
IN,Indiana ,2009,6984.0,765.0,505.0,260.0,6219.0,586.0,154.0,,
KS,Kansas ,2009,1892.0,238.0,196.0,42.0,1654.0,578.0,60.0,,
KY,Kentucky ,2009,5999.0,671.0,491.0,180.0,5328.0,597.0,78.0,,
LA,Louisiana ,2009,12504.0,4815.0,226.0,4589.0,7689.0,441.0,1544.0,,
MA,Massachusetts ,2009,15482.0,1937.0,1490.0,447.0,13545.0,1709.0,181.0,,
MD,Maryland ,2009,11698.0,2062.0,1243.0,819.0,9636.0,698.0,234.0,,
ME,Maine ,2009,2444.0,186.0,178.0,8.0,2258.0,119.0,4.0,,
MI,Michigan ,2009,14005.0,1649.0,1171.0,478.0,12356.0,877.0,177.0,,
MN,Minnesota ,2009,7718.0,1449.0,1129.0,320.0,6269.0,441.0,84.0,,
MO,Missouri ,2009,6959.0,892.0,691.0,201.0,6067.0,569.0,130.0,,
MS,Mississippi ,2009,2797.0,522.0,152.0,370.0,2275.0,197.0,161.0,,
MT,Montana ,2009,1196.0,160.0,107.0,53.0,1036.0,128.0,78.0,,
NC,North Carolina ,2009,12918.0,1490.0,1107.0,383.0,11428.0,854.0,264.0,,
ND,North Dakota ,2009,773.0,70.0,66.0,4.0,703.0,166.0,2.0,,
NE,Nebraska ,2009,3718.0,495.0,413.0,82.0,3223.0,263.0,35.0,,
NH,New Hampshire ,2009,1645.0,330.0,285.0,45.0,1315.0,150.0,17.0,,
NJ,New Jersey ,2009,13169.0,934.0,704.0,230.0,12235.0,542.0,76.0,,
NM,New Mexico ,2009,3475.0,779.0,341.0,438.0,2696.0,226.0,182.0,,
NV,Nevada ,2009,11089.0,1297.0,196.0,1101.0,9792.0,1329.0,607.0,,
NY,New York ,2009,61067.0,4280.0,2272.0,2008.0,56787.0,5047.0,832.0,,
OH,Ohio ,2009,12700.0,2303.0,1838.0,465.0,10397.0,1185.0,205.0,,
OK,Oklahoma ,2009,4838.0,654.0,538.0,116.0,4184.0,416.0,59.0,,
OR,Oregon ,2009,17309.0,2842.0,919.0,1923.0,14467.0,672.0,605.0,,
PA,Pennsylvania ,2009,15096.0,1798.0,1027.0,771.0,13298.0,1282.0,158.0,,
RI,Rhode Island ,2009,1607.0,220.0,190.0,30.0,1387.0,113.0,7.0,,
SC,South Carolina ,2009,4473.0,674.0,392.0,282.0,3799.0,439.0,190.0,,
SD,South Dakota ,2009,731.0,109.0,45.0,64.0,622.0,138.0,22.0,,
TN,Tennessee ,2009,10532.0,2632.0,1498.0,1134.0,7900.0,839.0,303.0,,
TX,Texas ,2009,36761.0,6020.0,2741.0,3279.0,30741.0,2735.0,2756.0,,
UT,Utah ,2009,3795.0,700.0,445.0,255.0,3095.0,110.0,56.0,,
VA,Virginia ,2009,8852.0,1621.0,1034.0,587.0,7231.0,782.0,178.0,,
VT,Vermont ,2009,1214.0,134.0,79.0,55.0,1080.0,52.0,9.0,,
WA,Washington ,2009,22782.0,2609.0,1608.0,1001.0,20173.0,1168.0,795.0,,
WI,Wisconsin ,2009,6525.0,716.0,612.0,104.0,5809.0,575.0,33.0,,
WV,West Virginia ,2009,1667.0,337.0,239.0,98.0,1330.0,177.0,94.0,,
WY,Wyoming ,2009,515.0,79.0,30.0,49.0,436.0,95.0,22.0,,
AK,Alaska ,2008,1646.0,439.0,355.0,84.0,1207.0,189.0,29.0,,
AL,Alabama,2008,5387.0,1052.0,579.0,473.0,4335.0,677.0,124.0,,
AR,Arkansas ,2008,3255.0,893.0,492.0,401.0,2362.0,219.0,16.0,,
AZ,Arizona ,2008,12488.0,3097.0,1223.0,1874.0,9391.0,736.0,0.0,,
CA,California ,2008,136531.0,40254.0,6206.0,34048.0,96277.0,5735.0,11541.0,,
CO,Colorado ,2008,14747.0,1082.0,449.0,633.0,13665.0,915.0,693.0,,
CT,Connecticut ,2008,4627.0,875.0,578.0,297.0,3752.0,401.0,123.0,,
DC,Washington DC,2008,6044.0,2184.0,1840.0,344.0,3860.0,641.0,26.0,,
DE,Delaware ,2008,933.0,248.0,221.0,27.0,685.0,108.0,19.0,,
FL,Florida ,2008,50158.0,8578.0,2555.0,6023.0,41580.0,2691.0,3089.0,,
GA,Georgia ,2008,19095.0,2671.0,1037.0,1634.0,16424.0,1921.0,1415.0,,
HI,Hawaii ,2008,6061.0,778.0,132.0,646.0,5283.0,223.0,0.0,,
IA,Iowa ,2008,3346.0,277.0,225.0,52.0,3069.0,271.0,13.0,,
ID,Idaho ,2008,1464.0,46.0,11.0,35.0,1418.0,78.0,53.0,,
IL,Illinois ,2008,14724.0,2557.0,1436.0,1121.0,12167.0,839.0,447.0,,
IN,Indiana ,2008,7395.0,696.0,249.0,447.0,6699.0,455.0,80.0,,
KS,Kansas ,2008,1738.0,177.0,132.0,45.0,1561.0,295.0,18.0,,
KY,Kentucky ,2008,8137.0,642.0,380.0,262.0,7495.0,944.0,102.0,,
LA,Louisiana ,2008,5481.0,613.0,177.0,436.0,4868.0,305.0,127.0,,
MA,Massachusetts ,2008,14506.0,2352.0,1830.0,522.0,12154.0,1262.0,40.0,,
MD,Maryland ,2008,9219.0,1489.0,729.0,760.0,7730.0,499.0,42.0,,
ME,Maine ,2008,2632.0,132.0,123.0,9.0,2500.0,89.0,0.0,,
MI,Michigan ,2008,28248.0,2771.0,1084.0,1687.0,25477.0,715.0,117.0,,
MN,Minnesota ,2008,7644.0,1537.0,1052.0,485.0,6107.0,477.0,118.0,,
MO,Missouri ,2008,7687.0,1226.0,903.0,323.0,6461.0,312.0,65.0,,
MS,Mississippi ,2008,1961.0,877.0,417.0,460.0,1084.0,194.0,3.0,,
MT,Montana ,2008,1417.0,138.0,46.0,92.0,1279.0,138.0,109.0,,
NC,North Carolina ,2008,12411.0,1827.0,964.0,863.0,10584.0,724.0,372.0,,
ND,North Dakota ,2008,615.0,51.0,50.0,1.0,564.0,75.0,3.0,,
NE,Nebraska ,2008,3985.0,707.0,627.0,80.0,3278.0,123.0,21.0,,
NH,New Hampshire ,2008,2019.0,437.0,297.0,140.0,1582.0,115.0,93.0,,
NJ,New Jersey ,2008,13832.0,1269.0,968.0,301.0,12563.0,648.0,199.0,,
NM,New Mexico ,2008,3015.0,711.0,245.0,466.0,2304.0,163.0,0.0,,
NV,Nevada ,2008,8726.0,954.0,224.0,730.0,7772.0,912.0,720.0,,
NY,New York ,2008,61125.0,5089.0,2071.0,3018.0,56036.0,4230.0,4.0,,
OH,Ohio ,2008,12912.0,2252.0,1673.0,579.0,10660.0,964.0,69.0,,
OK,Oklahoma ,2008,3846.0,561.0,331.0,230.0,3285.0,299.0,55.0,,
OR,Oregon ,2008,20653.0,3346.0,1502.0,1844.0,17307.0,523.0,244.0,,
PA,Pennsylvania ,2008,15378.0,1622.0,859.0,763.0,13756.0,971.0,130.0,,
RI,Rhode Island ,2008,1196.0,245.0,208.0,37.0,951.0,87.0,12.0,,
SC,South Carolina ,2008,5660.0,743.0,398.0,345.0,4917.0,350.0,125.0,,
SD,South Dakota ,2008,579.0,104.0,79.0,25.0,475.0,106.0,2.0,,
TN,Tennessee ,2008,9705.0,3364.0,1438.0,1926.0,6341.0,672.0,231.0,,
TX,Texas ,2008,40190.0,8844.0,3656.0,5188.0,31346.0,3428.0,2554.0,,
UT,Utah ,2008,3434.0,702.0,446.0,256.0,2732.0,199.0,19.0,,
VA,Virginia ,2008,8469.0,1678.0,967.0,711.0,6791.0,710.0,188.0,,
VT,Vermont ,2008,954.0,234.0,115.0,119.0,720.0,19.0,13.0,,
WA,Washington ,2008,21954.0,3073.0,1974.0,1099.0,18881.0,1185.0,145.0,,
WI,Wisconsin ,2008,5449.0,687.0,480.0,207.0,4762.0,464.0,17.0,,
WV,West Virginia ,2008,2016.0,387.0,264.0,123.0,1629.0,98.0,6.0,,
WY,Wyoming ,2008,751.0,67.0,30.0,37.0,684.0,19.0,0.0,,
AK,Alaska ,2007,1642.0,278.0,221.0,57.0,1364.0,152.0,51.0,,
AL,Alabama,2007,5452.0,993.0,483.0,510.0,4459.0,745.0,229.0,,
AR,Arkansas ,2007,3836.0,852.0,409.0,443.0,2984.0,255.0,32.0,,
AZ,Arizona ,2007,14646.0,2804.0,650.0,2154.0,11842.0,858.0,11.0,,
CA,California ,2007,138986.0,40341.0,5950.0,34391.0,98645.0,5827.0,10874.0,,
CO,Colorado ,2007,14225.0,2050.0,404.0,1646.0,12175.0,931.0,610.0,,
CT,Connecticut ,2007,4482.0,1023.0,596.0,427.0,3459.0,330.0,106.0,,
DC,Washington DC,2007,5320.0,1760.0,1439.0,321.0,3560.0,487.0,37.0,,
DE,Delaware ,2007,1061.0,150.0,76.0,74.0,911.0,142.0,62.0,,
FL,Florida ,2007,48069.0,7463.0,1842.0,5621.0,40606.0,2658.0,3183.0,,
GA,Georgia ,2007,19639.0,2484.0,1108.0,1376.0,17155.0,1929.0,314.0,,
HI,Hawaii ,2007,6070.0,778.0,132.0,646.0,5292.0,223.0,0.0,,
IA,Iowa ,2007,2734.0,307.0,225.0,82.0,2427.0,155.0,7.0,,
ID,Idaho ,2007,1749.0,95.0,37.0,58.0,1654.0,34.0,68.0,,
IL,Illinois ,2007,15487.0,2681.0,1434.0,1247.0,12806.0,945.0,385.0,,
IN,Indiana ,2007,7358.0,694.0,450.0,244.0,6664.0,502.0,14.0,,
KS,Kansas ,2007,2111.0,159.0,117.0,42.0,1952.0,285.0,11.0,,
KY,Kentucky ,2007,8061.0,574.0,351.0,223.0,7487.0,407.0,75.0,,
LA,Louisiana ,2007,5494.0,562.0,226.0,336.0,4932.0,315.0,93.0,,
MA,Massachusetts ,2007,15127.0,2790.0,2056.0,734.0,12337.0,1217.0,35.0,,
MD,Maryland ,2007,9628.0,1550.0,749.0,801.0,8078.0,541.0,31.0,,
ME,Maine ,2007,2638.0,97.0,67.0,30.0,2541.0,117.0,2.0,,
MI,Michigan ,2007,28295.0,2716.0,927.0,1789.0,25579.0,749.0,127.0,,
MN,Minnesota ,2007,7323.0,1414.0,967.0,447.0,5909.0,443.0,108.0,,
MO,Missouri ,2007,6247.0,1221.0,917.0,304.0,5026.0,394.0,22.0,,
MS,Mississippi ,2007,1377.0,593.0,169.0,424.0,784.0,158.0,3.0,,
MT,Montana ,2007,1150.0,83.0,35.0,48.0,1067.0,83.0,60.0,,
NC,North Carolina ,2007,11802.0,1645.0,846.0,799.0,10157.0,827.0,165.0,,
ND,North Dakota ,2007,636.0,80.0,71.0,9.0,556.0,62.0,5.0,,
NE,Nebraska ,2007,3531.0,785.0,486.0,299.0,2746.0,151.0,14.0,,
NH,New Hampshire ,2007,2248.0,367.0,263.0,104.0,1881.0,60.0,51.0,,
NJ,New Jersey ,2007,17314.0,2525.0,1582.0,943.0,14789.0,499.0,119.0,,
NM,New Mexico ,2007,3015.0,711.0,245.0,466.0,2304.0,163.0,0.0,,
NV,Nevada ,2007,8642.0,871.0,191.0,680.0,7771.0,903.0,720.0,,
NY,New York ,2007,62601.0,6476.0,2413.0,4063.0,56125.0,4732.0,10.0,,
OH,Ohio ,2007,11264.0,2308.0,1601.0,707.0,8956.0,981.0,81.0,,
OK,Oklahoma ,2007,4221.0,779.0,395.0,384.0,3442.0,304.0,77.0,,
OR,Oregon ,2007,17590.0,2829.0,1087.0,1742.0,14761.0,571.0,134.0,,
PA,Pennsylvania ,2007,16220.0,1589.0,914.0,675.0,14631.0,1729.0,76.0,,
RI,Rhode Island ,2007,1372.0,134.0,90.0,44.0,1238.0,59.0,3.0,,
SC,South Carolina ,2007,5660.0,573.0,367.0,206.0,5087.0,350.0,85.0,,
SD,South Dakota ,2007,579.0,104.0,79.0,25.0,475.0,106.0,2.0,,
TN,Tennessee ,2007,11210.0,2767.0,896.0,1871.0,8443.0,859.0,169.0,,
TX,Texas ,2007,39788.0,7931.0,3290.0,4641.0,31857.0,3034.0,2493.0,,
UT,Utah ,2007,3011.0,801.0,488.0,313.0,2210.0,202.0,25.0,,
VA,Virginia ,2007,9746.0,1963.0,923.0,1040.0,7783.0,657.0,191.0,,
VT,Vermont ,2007,1035.0,191.0,60.0,131.0,844.0,38.0,26.0,,
WA,Washington ,2007,23379.0,2603.0,1333.0,1270.0,20776.0,1199.0,222.0,,
WI,Wisconsin ,2007,5648.0,689.0,468.0,221.0,4959.0,449.0,17.0,,
WV,West Virginia ,2007,2409.0,1151.0,1058.0,93.0,1258.0,760.0,27.0,,
WY,Wyoming ,2007,537.0,38.0,0.0,38.0,499.0,40.0,0.0,,
