state,state_name,year,total,sheltered,unsheltered
AK,Alaska ,2017,1845.0,1551.0,294.0
AL,Alabama,2017,3793.0,2656.0,1137.0
AR,Arkansas ,2017,2467.0,1273.0,1194.0
AZ,Arizona ,2017,8947.0,5781.0,3166.0
CA,California ,2017,134278.0,42636.0,91642.0
CO,Colorado ,2017,10940.0,7081.0,3859.0
CT,Connecticut ,2017,3388.0,2972.0,416.0
DC,Washington DC,2017,7473.0,6576.0,897.0
DE,Delaware ,2017,994.0,936.0,58.0
FL,Florida ,2017,32190.0,17111.0,15079.0
GA,Georgia ,2017,10174.0,6651.0,3523.0
HI,Hawaii ,2017,7220.0,3420.0,3800.0
IA,Iowa ,2017,2756.0,2652.0,104.0
ID,Idaho ,2017,2037.0,1398.0,639.0
IL,Illinois ,2017,10798.0,8541.0,2257.0
IN,Indiana ,2017,5438.0,4869.0,569.0
KS,Kansas ,2017,2287.0,1942.0,345.0
KY,Kentucky ,2017,4025.0,3298.0,727.0
LA,Louisiana ,2017,3305.0,2330.0,975.0
MA,Massachusetts ,2017,17565.0,16574.0,991.0
MD,Maryland ,2017,7247.0,5511.0,1736.0
ME,Maine ,2017,2280.0,2100.0,180.0
MI,Michigan ,2017,9051.0,8028.0,1023.0
MN,Minnesota ,2017,7668.0,6560.0,1108.0
MO,Missouri ,2017,6037.0,4885.0,1152.0
MS,Mississippi ,2017,1472.0,753.0,719.0
MT,Montana ,2017,1529.0,985.0,544.0
NC,North Carolina ,2017,8962.0,6511.0,2451.0
ND,North Dakota ,2017,1089.0,758.0,331.0
NE,Nebraska ,2017,2501.0,2381.0,120.0
NH,New Hampshire ,2017,1456.0,1282.0,174.0
NJ,New Jersey ,2017,8536.0,7122.0,1414.0
NM,New Mexico ,2017,2482.0,1686.0,796.0
NV,Nevada ,2017,7833.0,3255.0,4578.0
NY,New York ,2017,89503.0,84948.0,4555.0
OH,Ohio ,2017,10095.0,8786.0,1309.0
OK,Oklahoma ,2017,4199.0,3084.0,1115.0
OR,Oregon ,2017,13953.0,5986.0,7967.0
PA,Pennsylvania ,2017,14138.0,12340.0,1798.0
RI,Rhode Island ,2017,1180.0,1111.0,69.0
SC,South Carolina ,2017,3916.0,2415.0,1501.0
SD,South Dakota ,2017,943.0,772.0,171.0
TN,Tennessee ,2017,8309.0,5544.0,2765.0
TX,Texas ,2017,23548.0,15055.0,8493.0
UT,Utah ,2017,2852.0,2574.0,278.0
VA,Virginia ,2017,6067.0,5059.0,1008.0
VT,Vermont ,2017,1225.0,1091.0,134.0
WA,Washington ,2017,21112.0,12521.0,8591.0
WI,Wisconsin ,2017,5027.0,4687.0,340.0
WV,West Virginia ,2017,1309.0,1121.0,188.0
WY,Wyoming ,2017,873.0,510.0,363.0
AK,Alaska ,2016,1940.0,1498.0,442.0
AL,Alabama,2016,4111.0,2893.0,1218.0
AR,Arkansas ,2016,2463.0,1616.0,847.0
AZ,Arizona ,2016,9707.0,6463.0,3244.0
CA,California ,2016,118142.0,39752.0,78390.0
CO,Colorado ,2016,10550.0,7611.0,2939.0
CT,Connecticut ,2016,3902.0,3229.0,673.0
DC,Washington DC,2016,8350.0,8032.0,318.0
DE,Delaware ,2016,1070.0,1019.0,51.0
FL,Florida ,2016,33559.0,18198.0,15361.0
GA,Georgia ,2016,12909.0,7543.0,5366.0
HI,Hawaii ,2016,7921.0,3613.0,4308.0
IA,Iowa ,2016,3064.0,2921.0,143.0
ID,Idaho ,2016,2247.0,1509.0,738.0
IL,Illinois ,2016,11590.0,9736.0,1854.0
IN,Indiana ,2016,5798.0,5107.0,691.0
KS,Kansas ,2016,2255.0,1973.0,282.0
KY,Kentucky ,2016,4237.0,3531.0,706.0
LA,Louisiana ,2016,3994.0,2853.0,1141.0
MA,Massachusetts ,2016,19608.0,18848.0,760.0
MD,Maryland ,2016,7689.0,6161.0,1528.0
ME,Maine ,2016,2241.0,2121.0,120.0
MI,Michigan ,2016,9316.0,8356.0,960.0
MN,Minnesota ,2016,7341.0,6452.0,889.0
MO,Missouri ,2016,6194.0,4978.0,1216.0
MS,Mississippi ,2016,1738.0,889.0,849.0
MT,Montana ,2016,1418.0,788.0,630.0
NC,North Carolina ,2016,9559.0,7250.0,2309.0
ND,North Dakota ,2016,923.0,707.0,216.0
NE,Nebraska ,2016,2754.0,2653.0,101.0
NH,New Hampshire ,2016,1366.0,1223.0,143.0
NJ,New Jersey ,2016,8895.0,7461.0,1434.0
NM,New Mexico ,2016,2263.0,1809.0,454.0
NV,Nevada ,2016,7398.0,3471.0,3927.0
NY,New York ,2016,86352.0,82761.0,3591.0
OH,Ohio ,2016,10404.0,9266.0,1138.0
OK,Oklahoma ,2016,4107.0,3087.0,1020.0
OR,Oregon ,2016,13238.0,5236.0,8002.0
PA,Pennsylvania ,2016,15339.0,13664.0,1675.0
RI,Rhode Island ,2016,1160.0,1123.0,37.0
SC,South Carolina ,2016,5051.0,3361.0,1690.0
SD,South Dakota ,2016,1072.0,887.0,185.0
TN,Tennessee ,2016,8779.0,5773.0,3006.0
TX,Texas ,2016,23122.0,16214.0,6908.0
UT,Utah ,2016,2807.0,2571.0,236.0
VA,Virginia ,2016,6268.0,5502.0,766.0
VT,Vermont ,2016,1117.0,961.0,156.0
WA,Washington ,2016,20827.0,12361.0,8466.0
WI,Wisconsin ,2016,5685.0,5275.0,410.0
WV,West Virginia ,2016,1387.0,1252.0,135.0
WY,Wyoming ,2016,857.0,491.0,366.0
AK,Alaska ,2015,1956.0,1639.0,317.0
AL,Alabama,2015,3970.0,2943.0,1027.0
AR,Arkansas ,2015,2560.0,1678.0,882.0
AZ,Arizona ,2015,9896.0,6939.0,2957.0
CA,California ,2015,115738.0,42039.0,73699.0
CO,Colorado ,2015,9953.0,7134.0,2819.0
CT,Connecticut ,2015,4047.0,3421.0,626.0
DC,Washington DC,2015,7298.0,6754.0,544.0
DE,Delaware ,2015,953.0,916.0,37.0
FL,Florida ,2015,35900.0,18883.0,17017.0
GA,Georgia ,2015,13790.0,7987.0,5803.0
HI,Hawaii ,2015,7620.0,3777.0,3843.0
IA,Iowa ,2015,3081.0,2878.0,203.0
ID,Idaho ,2015,1966.0,1497.0,469.0
IL,Illinois ,2015,13177.0,10463.0,2714.0
IN,Indiana ,2015,5863.0,5280.0,583.0
KS,Kansas ,2015,2588.0,2283.0,305.0
KY,Kentucky ,2015,4538.0,3796.0,742.0
LA,Louisiana ,2015,4081.0,2890.0,1191.0
MA,Massachusetts ,2015,21135.0,20542.0,593.0
MD,Maryland ,2015,8390.0,6594.0,1796.0
ME,Maine ,2015,2372.0,2313.0,59.0
MI,Michigan ,2015,10516.0,9444.0,1072.0
MN,Minnesota ,2015,7546.0,6705.0,841.0
MO,Missouri ,2015,6482.0,5411.0,1071.0
MS,Mississippi ,2015,1983.0,1141.0,842.0
MT,Montana ,2015,1709.0,837.0,872.0
NC,North Carolina ,2015,10685.0,8260.0,2425.0
ND,North Dakota ,2015,1305.0,819.0,486.0
NE,Nebraska ,2015,2744.0,2621.0,123.0
NH,New Hampshire ,2015,1445.0,1313.0,132.0
NJ,New Jersey ,2015,10098.0,9124.0,974.0
NM,New Mexico ,2015,2629.0,2175.0,454.0
NV,Nevada ,2015,8743.0,4528.0,4215.0
NY,New York ,2015,88250.0,84228.0,4022.0
OH,Ohio ,2015,11182.0,10083.0,1099.0
OK,Oklahoma ,2015,3777.0,2999.0,778.0
OR,Oregon ,2015,13226.0,5831.0,7395.0
PA,Pennsylvania ,2015,15421.0,13993.0,1428.0
RI,Rhode Island ,2015,1111.0,1075.0,36.0
SC,South Carolina ,2015,5354.0,3458.0,1896.0
SD,South Dakota ,2015,1036.0,900.0,136.0
TN,Tennessee ,2015,9123.0,5879.0,3244.0
TX,Texas ,2015,23678.0,16192.0,7486.0
UT,Utah ,2015,3025.0,2799.0,226.0
VA,Virginia ,2015,7001.0,6190.0,811.0
VT,Vermont ,2015,1523.0,1373.0,150.0
WA,Washington ,2015,19419.0,12298.0,7121.0
WI,Wisconsin ,2015,6057.0,5615.0,442.0
WV,West Virginia ,2015,1835.0,1403.0,432.0
WY,Wyoming ,2015,798.0,507.0,291.0
AK,Alaska ,2014,1784.0,1639.0,145.0
AL,Alabama,2014,4561.0,3518.0,1043.0
AR,Arkansas ,2014,2936.0,1503.0,1433.0
AZ,Arizona ,2014,10495.0,7926.0,2569.0
CA,California ,2014,113952.0,42515.0,71437.0
CO,Colorado ,2014,10028.0,8083.0,1945.0
CT,Connecticut ,2014,4450.0,3531.0,919.0
DC,Washington DC,2014,7748.0,7352.0,396.0
DE,Delaware ,2014,901.0,864.0,37.0
FL,Florida ,2014,41542.0,19851.0,21691.0
GA,Georgia ,2014,16521.0,8214.0,8307.0
HI,Hawaii ,2014,6918.0,3813.0,3105.0
IA,Iowa ,2014,3122.0,2926.0,196.0
ID,Idaho ,2014,2104.0,1468.0,636.0
IL,Illinois ,2014,13107.0,11409.0,1698.0
IN,Indiana ,2014,5971.0,5568.0,403.0
KS*,Kansas*,2014,2783.0,2534.0,249.0
KY,Kentucky ,2014,5089.0,4258.0,831.0
LA,Louisiana ,2014,4606.0,3503.0,1103.0
MA,Massachusetts ,2014,21237.0,20478.0,759.0
MD,Maryland ,2014,7856.0,6267.0,1589.0
ME,Maine ,2014,2726.0,2633.0,93.0
MI,Michigan ,2014,12227.0,10075.0,2152.0
MN,Minnesota ,2014,8377.0,7582.0,795.0
MO,Missouri ,2014,7282.0,6309.0,973.0
MS,Mississippi ,2014,2226.0,1405.0,821.0
MT,Montana ,2014,1745.0,911.0,834.0
NC,North Carolina ,2014,11491.0,8874.0,2617.0
ND,North Dakota ,2014,1258.0,794.0,464.0
NE,Nebraska ,2014,3026.0,2917.0,109.0
NH,New Hampshire ,2014,1376.0,1243.0,133.0
NJ,New Jersey ,2014,11671.0,10736.0,935.0
NM,New Mexico ,2014,2746.0,2318.0,428.0
NV,Nevada ,2014,8582.0,4797.0,3785.0
NY,New York ,2014,80590.0,76487.0,4103.0
OH,Ohio ,2014,11823.0,10720.0,1103.0
OK,Oklahoma ,2014,4191.0,3259.0,932.0
OR,Oregon ,2014,12164.0,6101.0,6063.0
PA,Pennsylvania ,2014,15333.0,14301.0,1032.0
RI,Rhode Island ,2014,1190.0,1170.0,20.0
SC,South Carolina ,2014,5057.0,3249.0,1808.0
SD,South Dakota ,2014,885.0,830.0,55.0
TN,Tennessee ,2014,9415.0,6383.0,3032.0
TX,Texas ,2014,28495.0,18228.0,10267.0
UT,Utah ,2014,3081.0,2768.0,313.0
VA,Virginia ,2014,7020.0,6330.0,690.0
VT,Vermont ,2014,1559.0,1396.0,163.0
WA,Washington ,2014,18442.0,12540.0,5902.0
WI,Wisconsin ,2014,6055.0,5712.0,343.0
WV,West Virginia ,2014,2013.0,1583.0,430.0
WY,Wyoming ,2014,757.0,563.0,194.0
AK,Alaska ,2013,1946.0,1741.0,205.0
AL,Alabama,2013,4689.0,3246.0,1443.0
AR,Arkansas ,2013,3812.0,1664.0,2148.0
AZ,Arizona ,2013,10562.0,7431.0,3131.0
CA,California ,2013,118552.0,45554.0,72998.0
CO,Colorado ,2013,9754.0,7591.0,2163.0
CT,Connecticut ,2013,4448.0,3529.0,919.0
DC,Washington DC,2013,6865.0,6353.0,512.0
DE,Delaware ,2013,946.0,936.0,10.0
FL,Florida ,2013,47862.0,19670.0,28192.0
GA,Georgia ,2013,16971.0,8510.0,8461.0
HI,Hawaii ,2013,6335.0,3745.0,2590.0
IA,Iowa ,2013,3084.0,2950.0,134.0
ID,Idaho ,2013,1781.0,1404.0,377.0
IL,Illinois ,2013,13425.0,11229.0,2196.0
IN,Indiana ,2013,6096.0,5396.0,700.0
KS,Kansas ,2013,2693.0,2382.0,311.0
KY,Kentucky ,2013,5245.0,4491.0,754.0
LA,Louisiana ,2013,5226.0,3651.0,1575.0
MA,Massachusetts ,2013,19029.0,18179.0,850.0
MD,Maryland ,2013,8205.0,6283.0,1922.0
ME,Maine ,2013,3016.0,2954.0,62.0
MI,Michigan ,2013,11527.0,9339.0,2188.0
MN,Minnesota ,2013,8214.0,7299.0,915.0
MO,Missouri ,2013,8581.0,6501.0,2080.0
MS,Mississippi ,2013,2403.0,1083.0,1320.0
MT,Montana ,2013,1878.0,1094.0,784.0
NC,North Carolina ,2013,12168.0,9013.0,3155.0
ND,North Dakota ,2013,2069.0,674.0,1395.0
NE,Nebraska ,2013,3145.0,2972.0,173.0
NH,New Hampshire ,2013,1447.0,1245.0,202.0
NJ,New Jersey ,2013,12002.0,10603.0,1399.0
NM,New Mexico ,2013,2819.0,2391.0,428.0
NV,Nevada ,2013,7039.0,3698.0,3341.0
NY,New York ,2013,77430.0,73273.0,4157.0
OH,Ohio ,2013,12325.0,10987.0,1338.0
OK,Oklahoma ,2013,4408.0,3262.0,1146.0
OR,Oregon ,2013,13822.0,6432.0,7390.0
PA,Pennsylvania ,2013,15086.0,13727.0,1359.0
RI,Rhode Island ,2013,1384.0,1267.0,117.0
SC,South Carolina ,2013,6544.0,3411.0,3133.0
SD,South Dakota ,2013,1094.0,755.0,339.0
TN,Tennessee ,2013,9528.0,6321.0,3207.0
TX,Texas ,2013,29615.0,17525.0,12090.0
UT,Utah ,2013,3277.0,2859.0,418.0
VA,Virginia ,2013,7625.0,6603.0,1022.0
VT,Vermont ,2013,1454.0,1270.0,184.0
WA,Washington ,2013,17760.0,12707.0,5053.0
WI,Wisconsin ,2013,6104.0,5736.0,368.0
WV,West Virginia ,2013,2240.0,1612.0,628.0
WY,Wyoming ,2013,953.0,501.0,452.0
AK,Alaska ,2012,1913.0,1716.0,197.0
AL,Alabama,2012,5209.0,3664.0,1545.0
AR,Arkansas ,2012,4214.0,1602.0,2612.0
AZ,Arizona ,2012,11302.0,8215.0,3087.0
CA,California ,2012,120098.0,45890.0,74208.0
CO,Colorado ,2012,16768.0,7260.0,9508.0
CT,Connecticut ,2012,4209.0,3514.0,695.0
DC,Washington DC,2012,6954.0,6275.0,679.0
DE,Delaware ,2012,1008.0,986.0,22.0
FL,Florida ,2012,55170.0,19832.0,35338.0
GA,Georgia ,2012,20516.0,8320.0,12196.0
HI,Hawaii ,2012,6246.0,3726.0,2520.0
IA,Iowa ,2012,2928.0,2780.0,148.0
ID,Idaho ,2012,1968.0,1482.0,486.0
IL,Illinois ,2012,14144.0,11149.0,2995.0
IN,Indiana ,2012,6259.0,5370.0,889.0
KS,Kansas ,2012,2684.0,2350.0,334.0
KY,Kentucky ,2012,5230.0,4319.0,911.0
LA,Louisiana ,2012,7772.0,3807.0,3965.0
MA,Massachusetts ,2012,17501.0,16779.0,722.0
MD,Maryland ,2012,9454.0,5942.0,3512.0
ME,Maine ,2012,2393.0,2360.0,33.0
MI,Michigan ,2012,12592.0,10270.0,2322.0
MN,Minnesota ,2012,7744.0,6754.0,990.0
MO,Missouri ,2012,10237.0,7893.0,2344.0
MS,Mississippi ,2012,2413.0,1042.0,1371.0
MT,Montana ,2012,1833.0,1153.0,680.0
NC,North Carolina ,2012,13524.0,8809.0,4715.0
ND,North Dakota ,2012,688.0,635.0,53.0
NE,Nebraska ,2012,3789.0,2957.0,832.0
NH,New Hampshire ,2012,1496.0,1329.0,167.0
NJ,New Jersey ,2012,13025.0,11429.0,1596.0
NM,New Mexico ,2012,3245.0,2397.0,848.0
NV,Nevada ,2012,8497.0,3970.0,4527.0
NY,New York ,2012,69566.0,65482.0,4084.0
OH,Ohio ,2012,13977.0,12246.0,1731.0
OK,Oklahoma ,2012,5032.0,3043.0,1989.0
OR,Oregon ,2012,15828.0,6545.0,9283.0
PA,Pennsylvania ,2012,14736.0,13660.0,1076.0
RI,Rhode Island ,2012,1277.0,1249.0,28.0
SC,South Carolina ,2012,4915.0,2776.0,2139.0
SD,South Dakota ,2012,859.0,795.0,64.0
TN,Tennessee ,2012,9426.0,5778.0,3648.0
TX,Texas ,2012,34052.0,17501.0,16551.0
UT,Utah ,2012,3527.0,3052.0,475.0
VA,Virginia ,2012,8424.0,6995.0,1429.0
VT,Vermont ,2012,1160.0,937.0,223.0
WA,Washington ,2012,20504.0,15027.0,5477.0
WI,Wisconsin ,2012,6027.0,5446.0,581.0
WV,West Virginia ,2012,2410.0,1533.0,877.0
WY,Wyoming ,2012,1813.0,475.0,1338.0
AK,Alaska ,2011,2128.0,1760.0,368.0
AL,Alabama,2011,5558.0,3749.0,1809.0
AR,Arkansas ,2011,3424.0,1802.0,1622.0
AZ,Arizona ,2011,10504.0,7302.0,3202.0
CA,California ,2011,125128.0,50691.0,74437.0
CO,Colorado ,2011,15116.0,6146.0,8970.0
CT,Connecticut ,2011,4456.0,3761.0,695.0
DC,Washington DC,2011,6546.0,6241.0,305.0
DE,Delaware ,2011,1035.0,1013.0,22.0
FL,Florida ,2011,56687.0,20824.0,35863.0
GA,Georgia ,2011,20975.0,8723.0,12252.0
HI,Hawaii ,2011,6188.0,3632.0,2556.0
IA,Iowa ,2011,3134.0,3013.0,121.0
ID,Idaho ,2011,2199.0,1585.0,614.0
IL,Illinois ,2011,14009.0,11089.0,2920.0
IN,Indiana ,2011,6196.0,5550.0,646.0
KS,Kansas ,2011,2511.0,2222.0,289.0
KY,Kentucky ,2011,6034.0,5183.0,851.0
LA,Louisiana ,2011,9291.0,3405.0,5886.0
MA,Massachusetts ,2011,16664.0,15961.0,703.0
MD,Maryland ,2011,10208.0,6496.0,3712.0
ME,Maine ,2011,2447.0,2418.0,29.0
MI,Michigan ,2011,13185.0,10864.0,2321.0
MN,Minnesota ,2011,7495.0,6567.0,928.0
MO,Missouri ,2011,8989.0,6718.0,2271.0
MS,Mississippi ,2011,2306.0,1056.0,1250.0
MT,Montana ,2011,1768.0,1216.0,552.0
NC,North Carolina ,2011,12896.0,9245.0,3651.0
ND,North Dakota ,2011,603.0,560.0,43.0
NE,Nebraska ,2011,3548.0,3041.0,507.0
NH,New Hampshire ,2011,1469.0,1159.0,310.0
NJ,New Jersey ,2011,14137.0,12830.0,1307.0
NM,New Mexico ,2011,3601.0,2753.0,848.0
NV,Nevada ,2011,9150.0,4545.0,4605.0
NY,New York ,2011,63445.0,59778.0,3667.0
OH,Ohio ,2011,13030.0,11224.0,1806.0
OK,Oklahoma ,2011,4625.0,2988.0,1637.0
OR,Oregon ,2011,17254.0,7012.0,10242.0
PA,Pennsylvania ,2011,15096.0,14036.0,1060.0
RI,Rhode Island ,2011,1070.0,1039.0,31.0
SC,South Carolina ,2011,5093.0,2954.0,2139.0
SD,South Dakota ,2011,826.0,762.0,64.0
TN,Tennessee ,2011,9113.0,5915.0,3198.0
TX,Texas ,2011,36911.0,18972.0,17939.0
UT,Utah ,2011,3130.0,2687.0,443.0
VA,Virginia ,2011,8816.0,7386.0,1430.0
VT,Vermont ,2011,1144.0,1021.0,123.0
WA,Washington ,2011,20439.0,15075.0,5364.0
WI,Wisconsin ,2011,5785.0,5355.0,430.0
WV,West Virginia ,2011,2211.0,1405.0,806.0
WY,Wyoming ,2011,1038.0,195.0,843.0
AK,Alaska ,2010,1863.0,1671.0,192.0
AL,Alabama,2010,6046.0,3891.0,2155.0
AR,Arkansas ,2010,2762.0,1728.0,1034.0
AZ,Arizona ,2010,13711.0,7214.0,6497.0
CA,California ,2010,123480.0,50899.0,72581.0
CO,Colorado ,2010,15482.0,9031.0,6451.0
CT,Connecticut ,2010,4316.0,3817.0,499.0
DC,Washington DC,2010,6539.0,6109.0,430.0
DE,Delaware ,2010,982.0,930.0,52.0
FL,Florida ,2010,57551.0,21817.0,35734.0
GA,Georgia ,2010,19836.0,8746.0,11090.0
HI,Hawaii ,2010,5834.0,3535.0,2299.0
IA,Iowa ,2010,3014.0,2903.0,111.0
ID,Idaho ,2010,2346.0,1564.0,782.0
IL,Illinois ,2010,14395.0,12208.0,2187.0
IN,Indiana ,2010,6452.0,5233.0,1219.0
KS,Kansas ,2010,2024.0,1828.0,196.0
KY,Kentucky ,2010,6623.0,5599.0,1024.0
LA,Louisiana ,2010,12482.0,4096.0,8386.0
MA,Massachusetts ,2010,16646.0,15595.0,1051.0
MD,Maryland ,2010,10845.0,6515.0,4330.0
ME,Maine ,2010,2379.0,2351.0,28.0
MI,Michigan ,2010,13058.0,10219.0,2839.0
MN,Minnesota ,2010,7869.0,6730.0,1139.0
MO,Missouri ,2010,8122.0,6336.0,1786.0
MS,Mississippi ,2010,2743.0,1181.0,1562.0
MT,Montana ,2010,1615.0,1168.0,447.0
NC,North Carolina ,2010,12191.0,9173.0,3018.0
ND,North Dakota ,2010,799.0,768.0,31.0
NE,Nebraska ,2010,3877.0,3355.0,522.0
NH,New Hampshire ,2010,1574.0,1337.0,237.0
NJ,New Jersey ,2010,13737.0,12083.0,1654.0
NM,New Mexico ,2010,3475.0,2108.0,1367.0
NV,Nevada ,2010,11205.0,7848.0,3357.0
NY,New York ,2010,65606.0,61467.0,4139.0
OH,Ohio ,2010,12569.0,10729.0,1840.0
OK,Oklahoma ,2010,5229.0,3315.0,1914.0
OR,Oregon ,2010,19492.0,7231.0,12261.0
PA,Pennsylvania ,2010,14516.0,13418.0,1098.0
RI,Rhode Island ,2010,1282.0,1206.0,76.0
SC,South Carolina ,2010,4473.0,3036.0,1437.0
SD,South Dakota ,2010,731.0,667.0,64.0
TN,Tennessee ,2010,10276.0,6999.0,3277.0
TX,Texas ,2010,35121.0,19191.0,15930.0
UT,Utah ,2010,3284.0,2722.0,562.0
VA,Virginia ,2010,9080.0,7439.0,1641.0
VT,Vermont ,2010,1220.0,1078.0,142.0
WA,Washington ,2010,22878.0,16489.0,6389.0
WI,Wisconsin ,2010,6333.0,5253.0,1080.0
WV,West Virginia ,2010,2264.0,1524.0,740.0
WY,Wyoming ,2010,579.0,515.0,64.0
AK,Alaska ,2009,1992.0,1665.0,327.0
AL,Alabama,2009,6080.0,3913.0,2167.0
AR,Arkansas ,2009,2852.0,1730.0,1122.0
AZ,Arizona ,2009,14721.0,8366.0,6355.0
CA,California ,2009,123678.0,50777.0,72901.0
CO,Colorado ,2009,15268.0,9031.0,6237.0
CT,Connecticut ,2009,4605.0,4103.0,502.0
DC,Washington DC,2009,6228.0,5907.0,321.0
DE,Delaware ,2009,1130.0,1083.0,47.0
FL,Florida ,2009,55599.0,21867.0,33732.0
GA,Georgia ,2009,20360.0,9419.0,10941.0
HI,Hawaii ,2009,5782.0,3268.0,2514.0
IA,Iowa ,2009,3380.0,3221.0,159.0
ID,Idaho ,2009,1939.0,1477.0,462.0
IL,Illinois ,2009,14055.0,11851.0,2204.0
IN,Indiana ,2009,6984.0,5206.0,1778.0
KS,Kansas ,2009,1892.0,1696.0,196.0
KY,Kentucky ,2009,5999.0,5299.0,700.0
LA,Louisiana ,2009,12504.0,4118.0,8386.0
MA,Massachusetts ,2009,15482.0,14476.0,1006.0
MD,Maryland ,2009,11698.0,7446.0,4252.0
ME,Maine ,2009,2444.0,2406.0,38.0
MI,Michigan ,2009,14005.0,11298.0,2707.0
MN,Minnesota ,2009,7718.0,6772.0,946.0
MO,Missouri ,2009,6959.0,5469.0,1490.0
MS,Mississippi ,2009,2797.0,1221.0,1576.0
MT,Montana ,2009,1196.0,833.0,363.0
NC,North Carolina ,2009,12918.0,8473.0,4445.0
ND,North Dakota ,2009,773.0,765.0,8.0
NE,Nebraska ,2009,3718.0,3079.0,639.0
NH,New Hampshire ,2009,1645.0,1406.0,239.0
NJ,New Jersey ,2009,13169.0,11871.0,1298.0
NM,New Mexico ,2009,3475.0,2108.0,1367.0
NV,Nevada ,2009,11089.0,7792.0,3297.0
NY,New York ,2009,61067.0,57454.0,3613.0
OH,Ohio ,2009,12700.0,10929.0,1771.0
OK,Oklahoma ,2009,4838.0,3307.0,1531.0
OR,Oregon ,2009,17309.0,7442.0,9867.0
PA,Pennsylvania ,2009,15096.0,13819.0,1277.0
RI,Rhode Island ,2009,1607.0,1556.0,51.0
SC,South Carolina ,2009,4473.0,3036.0,1437.0
SD,South Dakota ,2009,731.0,667.0,64.0
TN,Tennessee ,2009,10532.0,7133.0,3399.0
TX,Texas ,2009,36761.0,21658.0,15103.0
UT,Utah ,2009,3795.0,3540.0,255.0
VA,Virginia ,2009,8852.0,7284.0,1568.0
VT,Vermont ,2009,1214.0,1057.0,157.0
WA,Washington ,2009,22782.0,16237.0,6545.0
WI,Wisconsin ,2009,6525.0,5465.0,1060.0
WV,West Virginia ,2009,1667.0,1278.0,389.0
WY,Wyoming ,2009,515.0,451.0,64.0
AK,Alaska ,2008,1646.0,1452.0,194.0
AL,Alabama,2008,5387.0,3843.0,1544.0
AR,Arkansas ,2008,3255.0,2020.0,1235.0
AZ,Arizona ,2008,12488.0,6970.0,5518.0
CA,California ,2008,136531.0,46965.0,89566.0
CO,Colorado ,2008,14747.0,6877.0,7870.0
CT,Connecticut ,2008,4627.0,4020.0,607.0
DC,Washington DC,2008,6044.0,5666.0,378.0
DE,Delaware ,2008,933.0,862.0,71.0
FL,Florida ,2008,50158.0,20724.0,29434.0
GA,Georgia ,2008,19095.0,8865.0,10230.0
HI,Hawaii ,2008,6061.0,2703.0,3358.0
IA,Iowa ,2008,3346.0,3087.0,259.0
ID,Idaho ,2008,1464.0,1250.0,214.0
IL,Illinois ,2008,14724.0,11480.0,3244.0
IN,Indiana ,2008,7395.0,5923.0,1472.0
KS,Kansas ,2008,1738.0,1500.0,238.0
KY,Kentucky ,2008,8137.0,6195.0,1942.0
LA,Louisiana ,2008,5481.0,3700.0,1781.0
MA,Massachusetts ,2008,14506.0,13437.0,1069.0
MD,Maryland ,2008,9219.0,6054.0,3165.0
ME,Maine ,2008,2632.0,2588.0,44.0
MI,Michigan ,2008,28248.0,11781.0,16467.0
MN,Minnesota ,2008,7644.0,6270.0,1374.0
MO,Missouri ,2008,7687.0,5607.0,2080.0
MS,Mississippi ,2008,1961.0,1206.0,755.0
MT,Montana ,2008,1417.0,1007.0,410.0
NC,North Carolina ,2008,12411.0,8025.0,4386.0
ND,North Dakota ,2008,615.0,596.0,19.0
NE,Nebraska ,2008,3985.0,3227.0,758.0
NH,New Hampshire ,2008,2019.0,1535.0,484.0
NJ,New Jersey ,2008,13832.0,11860.0,1972.0
NM,New Mexico ,2008,3015.0,1748.0,1267.0
NV,Nevada ,2008,8726.0,4863.0,3863.0
NY,New York ,2008,61125.0,56516.0,4609.0
OH,Ohio ,2008,12912.0,10377.0,2535.0
OK,Oklahoma ,2008,3846.0,2803.0,1043.0
OR,Oregon ,2008,20653.0,9946.0,10707.0
PA,Pennsylvania ,2008,15378.0,14079.0,1299.0
RI,Rhode Island ,2008,1196.0,1142.0,54.0
SC,South Carolina ,2008,5660.0,3086.0,2574.0
SD,South Dakota ,2008,579.0,538.0,41.0
TN,Tennessee ,2008,9705.0,5660.0,4045.0
TX,Texas ,2008,40190.0,24080.0,16110.0
UT,Utah ,2008,3434.0,3178.0,256.0
VA,Virginia ,2008,8469.0,6895.0,1574.0
VT,Vermont ,2008,954.0,696.0,258.0
WA,Washington ,2008,21954.0,15456.0,6498.0
WI,Wisconsin ,2008,5449.0,4934.0,515.0
WV,West Virginia ,2008,2016.0,1422.0,594.0
WY,Wyoming ,2008,751.0,619.0,132.0
AK,Alaska ,2007,1642.0,1387.0,255.0
AL,Alabama,2007,5452.0,3796.0,1656.0
AR,Arkansas ,2007,3836.0,2285.0,1551.0
AZ,Arizona ,2007,14646.0,8618.0,6028.0
CA,California ,2007,138986.0,48511.0,90475.0
CO,Colorado ,2007,14225.0,6971.0,7254.0
CT,Connecticut ,2007,4482.0,3671.0,811.0
DC,Washington DC,2007,5320.0,4980.0,340.0
DE,Delaware ,2007,1061.0,854.0,207.0
FL,Florida ,2007,48069.0,20529.0,27540.0
GA,Georgia ,2007,19639.0,8341.0,11298.0
HI,Hawaii ,2007,6070.0,2712.0,3358.0
IA,Iowa ,2007,2734.0,2441.0,293.0
ID,Idaho ,2007,1749.0,1125.0,624.0
IL,Illinois ,2007,15487.0,12171.0,3316.0
IN,Indiana ,2007,7358.0,6096.0,1262.0
KS,Kansas ,2007,2111.0,1829.0,282.0
KY,Kentucky ,2007,8061.0,5940.0,2121.0
LA,Louisiana ,2007,5494.0,3917.0,1577.0
MA,Massachusetts ,2007,15127.0,13713.0,1414.0
MD,Maryland ,2007,9628.0,6418.0,3210.0
ME,Maine ,2007,2638.0,2576.0,62.0
MI,Michigan ,2007,28295.0,11552.0,16743.0
MN,Minnesota ,2007,7323.0,5878.0,1445.0
MO,Missouri ,2007,6247.0,5137.0,1110.0
MS,Mississippi ,2007,1377.0,851.0,526.0
MT,Montana ,2007,1150.0,855.0,295.0
NC,North Carolina ,2007,11802.0,7879.0,3923.0
ND,North Dakota ,2007,636.0,577.0,59.0
NE,Nebraska ,2007,3531.0,3007.0,524.0
NH,New Hampshire ,2007,2248.0,1273.0,975.0
NJ,New Jersey ,2007,17314.0,14836.0,2478.0
NM,New Mexico ,2007,3015.0,1748.0,1267.0
NV,Nevada ,2007,8642.0,4818.0,3824.0
NY,New York ,2007,62601.0,57281.0,5320.0
OH,Ohio ,2007,11264.0,9380.0,1884.0
OK,Oklahoma ,2007,4221.0,3089.0,1132.0
OR,Oregon ,2007,17590.0,8329.0,9261.0
PA,Pennsylvania ,2007,16220.0,14741.0,1479.0
RI,Rhode Island ,2007,1372.0,1323.0,49.0
SC,South Carolina ,2007,5660.0,3086.0,2574.0
SD,South Dakota ,2007,579.0,538.0,41.0
TN,Tennessee ,2007,11210.0,6446.0,4764.0
TX,Texas ,2007,39788.0,22882.0,16906.0
UT,Utah ,2007,3011.0,2698.0,313.0
VA,Virginia ,2007,9746.0,7567.0,2179.0
VT,Vermont ,2007,1035.0,720.0,315.0
WA,Washington ,2007,23379.0,16857.0,6522.0
WI,Wisconsin ,2007,5648.0,5085.0,563.0
WV,West Virginia ,2007,2409.0,2147.0,262.0
WY,Wyoming ,2007,537.0,397.0,140.0
