year,total,individual,family,youth,child,yadult,yparent,yparent_u18,yparent_18to24,ypchild,state,population,per_capita,individual_rent,family_rent
2017,1845.0,1354.0,491.0,162.0,15.0,147.0,22.0,0.0,22.0,39.0,Alaska,739795.0,2.493934130400989,878.625,1642.0
2017,3793.0,2985.0,808.0,294.0,36.0,258.0,29.0,6.0,23.0,39.0,Alabama,4874747.0,0.7780916630134856,625.7916666666666,1027.611111111111
2017,2467.0,2068.0,399.0,208.0,17.0,191.0,10.0,0.0,10.0,13.0,Arkansas,3004279.0,0.8211620824830184,544.4166666666666,942.3055555555555
2017,8947.0,6488.0,2459.0,578.0,55.0,523.0,81.0,0.0,81.0,112.0,Arizona,7016270.0,1.2751789768637751,744.4166666666666,1399.6944444444443
2017,134278.0,112756.0,21522.0,15458.0,1649.0,13809.0,890.0,16.0,874.0,1058.0,California,39536653.0,3.396291537374193,1308.875,2402.277777777778
2017,10940.0,7571.0,3369.0,763.0,45.0,718.0,110.0,0.0,110.0,138.0,Colorado,5607154.0,1.9510789252444287,929.75,1754.7222222222222
2017,3388.0,2208.0,1180.0,170.0,13.0,157.0,64.0,0.0,64.0,89.0,Connecticut,3588184.0,0.9442102188739484,983.0833333333334,1671.5833333333333
2017,7473.0,3583.0,3890.0,228.0,5.0,223.0,397.0,0.0,397.0,482.0,Washington DC,,,,
2017,994.0,615.0,379.0,45.0,2.0,43.0,20.0,2.0,18.0,25.0,Delaware,961939.0,1.0333295562400526,899.9583333333334,1496.111111111111
2017,32190.0,22768.0,9422.0,2019.0,421.0,1598.0,328.0,16.0,312.0,483.0,Florida,20984400.0,1.5339966832504146,876.625,1558.138888888889
2017,10174.0,7422.0,2752.0,526.0,28.0,498.0,75.0,0.0,75.0,139.0,Georgia,10429379.0,0.9755134989341168,821.6666666666666,1309.0
2017,7220.0,4535.0,2685.0,319.0,26.0,293.0,71.0,0.0,71.0,68.0,Hawaii,1427538.0,5.0576587103110375,1397.3333333333333,2697.0555555555557
2017,2756.0,1500.0,1256.0,140.0,12.0,128.0,73.0,0.0,73.0,107.0,Iowa,3145711.0,0.8761135399914359,565.5,994.7777777777778
2017,2037.0,1309.0,728.0,113.0,7.0,106.0,17.0,0.0,17.0,24.0,Idaho,1716943.0,1.1864109641380056,589.2083333333334,1113.138888888889
2017,10798.0,6894.0,3904.0,730.0,49.0,681.0,290.0,1.0,289.0,406.0,Illinois,12802023.0,0.8434604437126851,845.125,1378.638888888889
2017,5438.0,3623.0,1815.0,294.0,30.0,264.0,70.0,0.0,70.0,93.0,Indiana,6666818.0,0.8156814840303125,596.8333333333334,1022.3611111111111
2017,2287.0,1423.0,864.0,103.0,6.0,97.0,33.0,0.0,33.0,60.0,Kansas,2913123.0,0.7850681210508448,602.7083333333334,1089.6666666666667
2017,4025.0,3032.0,993.0,253.0,18.0,235.0,62.0,1.0,61.0,89.0,Kentucky,4454189.0,0.9036437385122184,571.625,1008.7222222222222
2017,3305.0,2559.0,746.0,236.0,46.0,190.0,31.0,0.0,31.0,55.0,Louisiana,4684333.0,0.7055433505688004,651.2916666666666,1073.861111111111
2017,17565.0,6267.0,11298.0,469.0,57.0,412.0,572.0,0.0,572.0,715.0,Massachusetts,6859819.0,2.5605631868712573,1186.625,1916.388888888889
2017,7247.0,5077.0,2170.0,272.0,11.0,261.0,121.0,0.0,121.0,176.0,Maryland,6052177.0,1.1974203662582903,1161.5416666666667,1915.0833333333333
2017,2280.0,1352.0,928.0,178.0,28.0,150.0,26.0,2.0,24.0,33.0,Maine,1335907.0,1.7067056314548843,747.1666666666666,1226.638888888889
2017,9051.0,5628.0,3423.0,608.0,80.0,528.0,201.0,5.0,196.0,319.0,Michigan,9962311.0,0.9085241366185016,651.125,1148.75
2017,7668.0,3899.0,3769.0,889.0,136.0,753.0,315.0,10.0,305.0,501.0,Minnesota,5576606.0,1.3750299017000662,752.7083333333334,1403.6944444444443
2017,6037.0,3768.0,2269.0,548.0,101.0,447.0,163.0,4.0,159.0,218.0,Missouri,6113532.0,0.9874815409488328,615.75,1096.861111111111
2017,1472.0,1100.0,372.0,59.0,21.0,38.0,9.0,0.0,9.0,14.0,Mississippi,2984100.0,0.4932810562648705,609.7083333333334,1004.7777777777778
2017,1529.0,987.0,542.0,106.0,14.0,92.0,21.0,0.0,21.0,24.0,Montana,1050493.0,1.4555070809610344,581.4583333333334,1053.7777777777778
2017,8962.0,6044.0,2918.0,434.0,68.0,366.0,112.0,0.0,112.0,157.0,North Carolina,10273419.0,0.8723483389512294,706.0833333333334,1168.5555555555557
2017,1089.0,832.0,257.0,80.0,17.0,63.0,17.0,0.0,17.0,19.0,North Dakota,755393.0,1.4416336926606417,584.125,1052.7222222222222
2017,2501.0,1698.0,803.0,164.0,11.0,153.0,54.0,0.0,54.0,60.0,Nebraska,1920076.0,1.302552607292628,586.2083333333334,1060.111111111111
2017,1456.0,776.0,680.0,76.0,0.0,76.0,36.0,0.0,36.0,51.0,New Hampshire,1342795.0,1.08430549711609,942.9166666666666,1606.388888888889
2017,8536.0,5433.0,3103.0,492.0,53.0,439.0,225.0,0.0,225.0,300.0,New Jersey,9005644.0,0.9478500371544778,1153.2916666666667,1907.7222222222222
2017,2482.0,1865.0,617.0,181.0,78.0,103.0,14.0,1.0,13.0,19.0,New Mexico,2088070.0,1.1886574683798914,609.375,1091.361111111111
2017,7833.0,7281.0,552.0,2166.0,262.0,1904.0,30.0,1.0,29.0,35.0,Nevada,2998039.0,2.612707840024763,762.7916666666666,1471.6666666666667
2017,89503.0,37390.0,52113.0,2829.0,101.0,2728.0,3020.0,12.0,3008.0,3367.0,New York,19849399.0,4.50910377689521,1204.4583333333333,1856.4444444444443
2017,10095.0,6688.0,3407.0,695.0,64.0,631.0,160.0,1.0,159.0,223.0,Ohio,11658609.0,0.8658837430777548,606.2916666666666,1061.138888888889
2017,4199.0,2824.0,1375.0,363.0,45.0,318.0,50.0,0.0,50.0,63.0,Oklahoma,3930864.0,1.0682129933775373,563.75,1006.1388888888889
2017,13953.0,10434.0,3519.0,1462.0,515.0,947.0,125.0,2.0,123.0,144.0,Oregon,4142776.0,3.368031484202864,938.5833333333334,1702.1944444444443
2017,14138.0,8271.0,5867.0,756.0,60.0,696.0,466.0,1.0,465.0,681.0,Pennsylvania,12805537.0,1.1040536605376252,755.875,1231.111111111111
2017,1180.0,802.0,378.0,49.0,1.0,48.0,6.0,0.0,6.0,10.0,Rhode Island,1059639.0,1.1135867970129452,901.0833333333334,1461.6666666666667
2017,3916.0,2896.0,1020.0,173.0,8.0,165.0,44.0,0.0,44.0,63.0,South Carolina,5024369.0,0.7794013536824227,713.1666666666666,1193.7777777777778
2017,943.0,611.0,332.0,66.0,19.0,47.0,14.0,2.0,12.0,18.0,South Dakota,869666.0,1.0843243268105227,521.625,935.9166666666666
2017,8309.0,6137.0,2172.0,457.0,23.0,434.0,47.0,0.0,47.0,89.0,Tennessee,6715984.0,1.2371977062482578,643.125,1096.2777777777778
2017,23548.0,16708.0,6840.0,1318.0,129.0,1189.0,301.0,5.0,296.0,512.0,Texas,28304596.0,0.8319496946714944,770.4583333333334,1373.111111111111
2017,2852.0,1882.0,970.0,180.0,29.0,151.0,37.0,1.0,36.0,45.0,Utah,3101833.0,0.919456334367453,705.5,1306.111111111111
2017,6067.0,4028.0,2039.0,303.0,15.0,288.0,83.0,0.0,83.0,109.0,Virginia,8470020.0,0.7162911067506333,1005.0,1614.5
2017,1225.0,697.0,528.0,94.0,2.0,92.0,35.0,0.0,35.0,36.0,Vermont,623657.0,1.964220717477716,900.0833333333334,1513.5
2017,21112.0,14781.0,6331.0,2135.0,304.0,1831.0,256.0,7.0,249.0,374.0,Washington,7405743.0,2.8507605516421517,1064.2083333333333,1969.388888888889
2017,5027.0,2645.0,2382.0,276.0,28.0,248.0,145.0,0.0,145.0,190.0,Wisconsin,5795483.0,0.8673996628063615,622.375,1082.0277777777778
2017,1309.0,1032.0,277.0,79.0,7.0,72.0,10.0,0.0,10.0,13.0,West Virginia,1815857.0,0.7208717426537443,574.0,938.1111111111111
2017,873.0,622.0,251.0,62.0,19.0,43.0,16.0,0.0,16.0,11.0,Wyoming,579315.0,1.506952176277155,576.5833333333334,1035.2777777777778
2016,1940.0,1527.0,413.0,173.0,19.0,154.0,9.0,0.0,9.0,10.0,Alaska,741522.0,2.616240650985405,892.625,1668.4166666666667
2016,4111.0,3019.0,1092.0,254.0,28.0,226.0,31.0,5.0,26.0,45.0,Alabama,4860545.0,0.8457899268497668,610.8333333333334,1003.0833333333334
2016,2463.0,1838.0,625.0,201.0,49.0,152.0,13.0,0.0,13.0,13.0,Arkansas,2988231.0,0.8242334678945503,536.0416666666666,928.0
2016,9707.0,6659.0,3048.0,589.0,100.0,489.0,150.0,1.0,149.0,222.0,Arizona,6908642.0,1.4050518177088926,714.6666666666666,1343.9166666666667
2016,118142.0,97660.0,20482.0,11222.0,847.0,10375.0,862.0,10.0,852.0,1098.0,California,39296476.0,3.006427344782774,1257.8333333333333,2308.722222222222
2016,10550.0,6450.0,4100.0,653.0,39.0,614.0,157.0,2.0,155.0,217.0,Colorado,5530105.0,1.9077395456324968,902.75,1703.6666666666667
2016,3902.0,2570.0,1332.0,119.0,8.0,111.0,61.0,0.0,61.0,93.0,Connecticut,3587685.0,1.0876094194445722,971.5,1651.888888888889
2016,8350.0,3683.0,4667.0,211.0,10.0,201.0,527.0,0.0,527.0,688.0,Washington DC,,,,
2016,1070.0,753.0,317.0,51.0,0.0,51.0,10.0,0.0,10.0,20.0,Delaware,952698.0,1.1231261113175424,879.0416666666666,1461.25
2016,33559.0,24201.0,9358.0,2094.0,514.0,1580.0,320.0,5.0,315.0,485.0,Florida,20656589.0,1.6246147899829928,851.375,1513.4722222222222
2016,12909.0,9265.0,3644.0,725.0,17.0,708.0,90.0,0.0,90.0,125.0,Georgia,10313620.0,1.2516458818533165,792.875,1263.388888888889
2016,7921.0,4590.0,3331.0,309.0,26.0,283.0,92.0,1.0,91.0,85.0,Hawaii,1428683.0,5.5442669927478665,1385.0,2673.3055555555557
2016,3064.0,1543.0,1521.0,160.0,18.0,142.0,112.0,0.0,112.0,177.0,Iowa,3130869.0,0.9786420319725928,558.9583333333334,983.4166666666666
2016,2247.0,1284.0,963.0,130.0,16.0,114.0,39.0,0.0,39.0,49.0,Idaho,1680026.0,1.337479300915581,564.25,1066.1944444444443
2016,11590.0,6986.0,4604.0,719.0,28.0,691.0,340.0,1.0,339.0,467.0,Illinois,12835726.0,0.9029485359846416,829.8333333333334,1353.7777777777778
2016,5798.0,3824.0,1974.0,365.0,37.0,328.0,88.0,0.0,88.0,147.0,Indiana,6634007.0,0.8739815921207198,586.0,1003.6666666666666
2016,2255.0,1228.0,1027.0,106.0,19.0,87.0,17.0,0.0,17.0,23.0,Kansas,2907731.0,0.7755187807950598,591.2916666666666,1068.8333333333333
2016,4237.0,2949.0,1288.0,220.0,21.0,199.0,73.0,0.0,73.0,109.0,Kentucky,4436113.0,0.9551154355175352,557.2083333333334,983.2777777777778
2016,3994.0,3176.0,818.0,408.0,63.0,345.0,47.0,1.0,46.0,85.0,Louisiana,4686157.0,0.8522975222554431,638.75,1053.361111111111
2016,19608.0,6434.0,13174.0,374.0,15.0,359.0,554.0,6.0,548.0,699.0,Massachusetts,6823721.0,2.873505525797435,1154.625,1864.8333333333333
2016,7689.0,4983.0,2706.0,279.0,15.0,264.0,148.0,0.0,148.0,225.0,Maryland,6024752.0,1.2762351047810765,1144.25,1886.9166666666667
2016,2241.0,1321.0,920.0,177.0,31.0,146.0,34.0,3.0,31.0,38.0,Maine,1330232.0,1.6846685390217646,728.5416666666666,1195.861111111111
2016,9316.0,5803.0,3513.0,725.0,102.0,623.0,251.0,6.0,245.0,381.0,Michigan,9933445.0,0.9378418061407701,635.0,1120.4166666666667
2016,7341.0,3669.0,3672.0,730.0,89.0,641.0,254.0,9.0,245.0,377.0,Minnesota,5525050.0,1.32867575859042,726.8333333333334,1355.6666666666667
2016,6194.0,3810.0,2384.0,638.0,201.0,437.0,138.0,5.0,133.0,204.0,Missouri,6091176.0,1.0168808125064848,607.2083333333334,1081.611111111111
2016,1738.0,1299.0,439.0,85.0,10.0,75.0,14.0,0.0,14.0,23.0,Mississippi,2985415.0,0.5821636187933671,601.375,990.9444444444445
2016,1418.0,844.0,574.0,100.0,13.0,87.0,22.0,0.0,22.0,22.0,Montana,1038656.0,1.3652258303037772,567.2083333333334,1027.9166666666667
2016,9559.0,6396.0,3163.0,497.0,65.0,432.0,135.0,0.0,135.0,200.0,North Carolina,10156689.0,0.9411531651702636,681.7083333333334,1128.3055555555557
2016,923.0,662.0,261.0,74.0,10.0,64.0,13.0,0.0,13.0,18.0,North Dakota,755548.0,1.2216298633574572,581.5,1048.0555555555557
2016,2754.0,1880.0,874.0,238.0,40.0,198.0,34.0,0.0,34.0,44.0,Nebraska,1907603.0,1.4436966182166835,576.6666666666666,1042.6944444444443
2016,1366.0,827.0,539.0,80.0,1.0,79.0,32.0,1.0,31.0,61.0,New Hampshire,1335015.0,1.0232094770470743,920.2916666666666,1567.8333333333333
2016,8895.0,5540.0,3355.0,533.0,34.0,499.0,269.0,0.0,269.0,337.0,New Jersey,8978416.0,0.9907092743307951,1128.7083333333333,1866.8055555555557
2016,2263.0,1556.0,707.0,188.0,69.0,119.0,14.0,0.0,14.0,23.0,New Mexico,2085432.0,1.0851468664526105,595.4166666666666,1066.611111111111
2016,7398.0,6853.0,545.0,1672.0,292.0,1380.0,34.0,1.0,33.0,42.0,Nevada,2939254.0,2.516965189126221,728.25,1404.9166666666667
2016,86352.0,35315.0,51037.0,2889.0,188.0,2701.0,2724.0,11.0,2713.0,3311.0,New York,19836286.0,4.353234269761992,1185.75,1827.5833333333333
2016,10404.0,6946.0,3458.0,622.0,46.0,576.0,225.0,5.0,220.0,340.0,Ohio,11622554.0,0.8951560904771877,590.0,1032.9166666666667
2016,4107.0,2997.0,1110.0,410.0,39.0,371.0,50.0,0.0,50.0,70.0,Oklahoma,3921207.0,1.0473815842927956,560.4166666666666,1000.1388888888889
2016,13238.0,9379.0,3859.0,1175.0,236.0,939.0,133.0,0.0,133.0,169.0,Oregon,4085989.0,3.2398520896654395,908.0833333333334,1647.0555555555557
2016,15339.0,8599.0,6740.0,868.0,63.0,805.0,549.0,4.0,545.0,779.0,Pennsylvania,12787085.0,1.1995697221063284,740.375,1205.6944444444443
2016,1160.0,859.0,301.0,64.0,0.0,64.0,21.0,0.0,21.0,31.0,Rhode Island,1057566.0,1.0968582575461012,872.2083333333334,1415.0
2016,5051.0,3758.0,1293.0,266.0,20.0,246.0,48.0,2.0,46.0,76.0,South Carolina,4959822.0,1.0183833210143427,695.8333333333334,1164.888888888889
2016,1072.0,548.0,524.0,77.0,9.0,68.0,19.0,1.0,18.0,25.0,South Dakota,861542.0,1.2442806038475198,513.75,921.7222222222222
2016,8779.0,6652.0,2127.0,416.0,26.0,390.0,107.0,0.0,107.0,147.0,Tennessee,6649404.0,1.320268703781572,627.75,1070.138888888889
2016,23122.0,15959.0,7163.0,1309.0,187.0,1122.0,309.0,5.0,304.0,465.0,Texas,27904862.0,0.8286011233454587,759.3333333333334,1353.4722222222222
2016,2807.0,1828.0,979.0,150.0,18.0,132.0,17.0,0.0,17.0,30.0,Utah,3044321.0,0.9220446858264948,677.3333333333334,1254.0833333333333
2016,6268.0,3959.0,2309.0,322.0,12.0,310.0,102.0,1.0,101.0,146.0,Virginia,8414380.0,0.7449152522229802,990.8333333333334,1591.6944444444443
2016,1117.0,655.0,462.0,71.0,1.0,70.0,46.0,0.0,46.0,49.0,Vermont,623354.0,1.7919191984009086,902.0454545454545,1516.7878787878788
2016,20827.0,13900.0,6927.0,1307.0,92.0,1215.0,295.0,6.0,289.0,455.0,Washington,7280934.0,2.860484657600248,1014.3333333333334,1876.7777777777778
2016,5685.0,2886.0,2799.0,337.0,25.0,312.0,188.0,0.0,188.0,267.0,Wisconsin,5772917.0,0.9847707839901388,611.5,1062.861111111111
2016,1387.0,1039.0,348.0,95.0,6.0,89.0,19.0,0.0,19.0,35.0,West Virginia,1828637.0,0.7584884260790961,574.25,938.6111111111111
2016,857.0,517.0,340.0,31.0,3.0,28.0,15.0,0.0,15.0,17.0,Wyoming,584910.0,1.4651826776769077,580.0833333333334,1041.2222222222222
2015,1956.0,1342.0,614.0,155.0,24.0,131.0,18.0,0.0,18.0,21.0,Alaska,737979.0,2.6504819242823983,912.9166666666666,1706.1944444444443
2015,3970.0,2868.0,1102.0,228.0,32.0,196.0,25.0,5.0,20.0,35.0,Alabama,4850858.0,0.8184119180565582,605.875,995.0555555555555
2015,2560.0,1833.0,727.0,188.0,0.0,188.0,22.0,0.0,22.0,20.0,Arkansas,2975626.0,0.8603231723341576,532.4583333333334,921.5555555555555
2015,9896.0,6548.0,3348.0,621.0,83.0,538.0,166.0,6.0,160.0,194.0,Arizona,6802262.0,1.4548101793197614,690.7083333333334,1298.9166666666667
2015,115738.0,93156.0,22582.0,10416.0,892.0,9524.0,854.0,11.0,843.0,1160.0,California,39032444.0,2.965174304739924,1202.25,2206.6666666666665
2015,9953.0,5729.0,4224.0,566.0,82.0,484.0,171.0,1.0,170.0,226.0,Colorado,5440445.0,1.8294459368672968,863.2916666666666,1629.111111111111
2015,4047.0,2719.0,1328.0,124.0,11.0,113.0,43.0,0.0,43.0,65.0,Connecticut,3593862.0,1.1260866443953608,957.0,1627.0833333333333
2015,7298.0,3821.0,3477.0,200.0,7.0,193.0,366.0,0.0,366.0,544.0,Washington DC,,,,
2015,953.0,602.0,351.0,57.0,3.0,54.0,21.0,0.0,21.0,41.0,Delaware,944107.0,1.009419483172988,851.4166666666666,1415.4166666666667
2015,35900.0,26325.0,9575.0,2371.0,593.0,1778.0,315.0,10.0,305.0,449.0,Florida,20268567.0,1.7712154983625632,826.7083333333334,1469.5833333333333
2015,13790.0,9702.0,4088.0,575.0,15.0,560.0,51.0,0.0,51.0,98.0,Georgia,10199533.0,1.3520226857445337,758.25,1208.111111111111
2015,7620.0,4307.0,3313.0,303.0,24.0,279.0,95.0,1.0,94.0,93.0,Hawaii,1426320.0,5.342419653373717,1315.9583333333333,2539.9444444444443
2015,3081.0,1501.0,1580.0,179.0,7.0,172.0,124.0,4.0,120.0,139.0,Iowa,3118473.0,0.987983541945048,550.4583333333334,968.4722222222222
2015,1966.0,1172.0,794.0,129.0,4.0,125.0,22.0,0.0,22.0,31.0,Idaho,1649324.0,1.1920035117417802,552.9166666666666,1044.5833333333333
2015,13177.0,8152.0,5025.0,832.0,38.0,794.0,351.0,2.0,349.0,522.0,Illinois,12862051.0,1.0244866856771129,817.8333333333334,1334.4722222222222
2015,5863.0,3914.0,1949.0,373.0,36.0,337.0,103.0,3.0,100.0,149.0,Indiana,6610596.0,0.8869094405406109,577.625,989.4166666666666
2015,2588.0,1466.0,1122.0,89.0,3.0,86.0,28.0,0.0,28.0,31.0,Kansas,2905789.0,0.8906358995783933,581.2083333333334,1050.6666666666667
2015,4538.0,3151.0,1387.0,248.0,27.0,221.0,75.0,0.0,75.0,99.0,Kentucky,4422057.0,1.026219245930118,542.7916666666666,957.9166666666666
2015,4081.0,3217.0,864.0,389.0,30.0,359.0,61.0,0.0,61.0,105.0,Louisiana,4671211.0,0.8736492528382896,641.7083333333334,1058.5
2015,21135.0,6378.0,14757.0,415.0,5.0,410.0,839.0,10.0,829.0,1070.0,Massachusetts,6794002.0,3.110832172260179,1116.4166666666667,1803.2777777777778
2015,8390.0,5383.0,3007.0,481.0,54.0,427.0,138.0,0.0,138.0,217.0,Maryland,6000561.0,1.3982026013901034,1119.7083333333333,1845.9444444444443
2015,2372.0,1219.0,1153.0,146.0,18.0,128.0,56.0,0.0,56.0,67.0,Maine,1327787.0,1.7864311067964969,708.5,1163.0555555555557
2015,10516.0,6546.0,3970.0,975.0,160.0,815.0,262.0,0.0,262.0,400.0,Michigan,9918170.0,1.0602762404758137,618.6666666666666,1091.2222222222222
2015,7546.0,3622.0,3924.0,733.0,131.0,602.0,276.0,13.0,263.0,373.0,Minnesota,5483238.0,1.3761941393023611,703.5416666666666,1312.0
2015,6482.0,3434.0,3048.0,474.0,101.0,373.0,109.0,7.0,102.0,173.0,Missouri,6072640.0,1.067410549612689,593.5,1057.0555555555557
2015,1983.0,1475.0,508.0,93.0,25.0,68.0,9.0,0.0,9.0,21.0,Mississippi,2985297.0,0.6642555162853143,594.4166666666666,979.6111111111111
2015,1709.0,1127.0,582.0,171.0,13.0,158.0,41.0,9.0,32.0,55.0,Montana,1028317.0,1.6619388768249481,565.25,1024.4166666666667
2015,10685.0,7156.0,3529.0,631.0,79.0,552.0,115.0,2.0,113.0,159.0,North Carolina,10041769.0,1.0640555463882906,666.3333333333334,1102.9722222222222
2015,1305.0,864.0,441.0,142.0,18.0,124.0,11.0,0.0,11.0,17.0,North Dakota,754859.0,1.728799683119629,617.25,1112.361111111111
2015,2744.0,1720.0,1024.0,238.0,29.0,209.0,47.0,0.0,47.0,69.0,Nebraska,1893564.0,1.4491192270237498,566.2083333333334,1023.6666666666666
2015,1445.0,778.0,667.0,91.0,6.0,85.0,35.0,0.0,35.0,40.0,New Hampshire,1330134.0,1.086356712932682,876.9166666666666,1493.9166666666667
2015,10098.0,6189.0,3909.0,643.0,47.0,596.0,369.0,0.0,369.0,492.0,New Jersey,8960001.0,1.127008802789196,1099.7083333333333,1818.638888888889
2015,2629.0,1666.0,963.0,193.0,54.0,139.0,33.0,0.0,33.0,52.0,New Mexico,2082264.0,1.262568050929181,587.375,1052.0833333333333
2015,8743.0,7858.0,885.0,2310.0,825.0,1485.0,48.0,5.0,43.0,74.0,Nevada,2883057.0,3.0325449687605897,700.9166666666666,1352.388888888889
2015,88250.0,36135.0,52115.0,2626.0,133.0,2493.0,2470.0,10.0,2460.0,3013.0,New York,19819347.0,4.4527198600438265,1176.2083333333333,1812.75
2015,11182.0,7565.0,3617.0,770.0,49.0,721.0,237.0,3.0,234.0,355.0,Ohio,11606027.0,0.96346493076399,575.625,1007.8611111111111
2015,3777.0,2781.0,996.0,460.0,84.0,376.0,50.0,0.0,50.0,92.0,Oklahoma,3904353.0,0.9673817915541959,558.625,996.7777777777778
2015,13226.0,9461.0,3765.0,1350.0,388.0,962.0,135.0,0.0,135.0,155.0,Oregon,4016537.0,3.2928863844650254,843.1666666666666,1529.0
2015,15421.0,8605.0,6816.0,871.0,37.0,834.0,573.0,4.0,569.0,792.0,Pennsylvania,12791124.0,1.205601634383343,725.8333333333334,1182.388888888889
2015,1111.0,706.0,405.0,47.0,4.0,43.0,35.0,0.0,35.0,44.0,Rhode Island,1055916.0,1.052167028437868,848.2083333333334,1375.9166666666667
2015,5354.0,3934.0,1420.0,195.0,13.0,182.0,63.0,1.0,62.0,95.0,South Carolina,4892423.0,1.094345276358974,671.125,1123.361111111111
2015,1036.0,630.0,406.0,108.0,8.0,100.0,29.0,0.0,29.0,36.0,South Dakota,854036.0,1.2130636179271133,515.3333333333334,924.6388888888889
2015,9123.0,6516.0,2607.0,673.0,14.0,659.0,65.0,0.0,65.0,94.0,Tennessee,6590726.0,1.3842177629596495,611.7083333333334,1042.8333333333333
2015,23678.0,16265.0,7413.0,1416.0,218.0,1198.0,161.0,3.0,158.0,252.0,Texas,27454880.0,0.8624331994894896,738.875,1316.8333333333333
2015,3025.0,1809.0,1216.0,132.0,11.0,121.0,34.0,0.0,34.0,40.0,Utah,2984917.0,1.0134285140926866,651.6666666666666,1206.361111111111
2015,7001.0,4190.0,2811.0,330.0,12.0,318.0,129.0,0.0,129.0,187.0,Virginia,8366767.0,0.8367628738794806,968.8333333333334,1556.25
2015,1523.0,910.0,613.0,101.0,4.0,97.0,34.0,1.0,33.0,35.0,Vermont,624455.0,2.4389267441208737,891.0,1498.1666666666667
2015,19419.0,12526.0,6893.0,1341.0,154.0,1187.0,310.0,12.0,298.0,351.0,Washington,7152818.0,2.7148740538344467,943.5,1745.6944444444443
2015,6057.0,2992.0,3065.0,334.0,33.0,301.0,195.0,0.0,195.0,284.0,Wisconsin,5759744.0,1.0516092381883642,602.125,1046.75
2015,1835.0,1414.0,421.0,145.0,11.0,134.0,23.0,3.0,20.0,29.0,West Virginia,1839767.0,0.9974089110197106,579.875,947.9166666666666
2015,798.0,500.0,298.0,37.0,4.0,33.0,12.0,0.0,12.0,20.0,Wyoming,586102.0,1.3615377528143566,593.8333333333334,1065.8333333333333
2014,1784.0,1209.0,575.0,,,,,,,,Alaska,736759.0,2.421415958271293,912.75,1705.861111111111
2014,4561.0,3115.0,1446.0,,,,,,,,Alabama,4840037.0,0.9423481679995422,602.4583333333334,989.3333333333334
2014,2936.0,2303.0,633.0,,,,,,,,Arkansas,2964800.0,0.9902860226659472,528.0416666666666,913.7222222222222
2014,10495.0,6194.0,4301.0,,,,,,,,Arizona,6706435.0,1.564914891443815,665.2083333333334,1251.0555555555557
2014,113952.0,90765.0,23187.0,,,,,,,,California,38701278.0,2.944398890393232,1132.7083333333333,2079.0555555555557
2014,10028.0,5573.0,4455.0,,,,,,,,Colorado,5342311.0,1.8770902704840655,799.9166666666666,1509.5833333333333
2014,4450.0,3069.0,1381.0,,,,,,,,Connecticut,3600188.0,1.2360465620128729,939.7083333333334,1597.9166666666667
2014,7748.0,3953.0,3795.0,,,,,,,,Washington DC,,,,
2014,901.0,584.0,317.0,,,,,,,,Delaware,934805.0,0.963837377848856,833.625,1385.888888888889
2014,41542.0,28730.0,12812.0,,,,,,,,Florida,19897747.0,2.0877740580378275,788.875,1402.25
2014,16521.0,12403.0,4118.0,,,,,,,,Georgia,10083850.0,1.6383623318474592,718.5416666666666,1144.8055555555557
2014,6918.0,3750.0,3168.0,,,,,,,,Hawaii,1417710.0,4.879700361851153,1267.7916666666667,2446.722222222222
2014,3122.0,1544.0,1578.0,,,,,,,,Iowa,3105563.0,1.0052927601211117,542.75,954.6666666666666
2014,2104.0,1234.0,870.0,,,,,,,,Idaho,1630391.0,1.290487987237417,540.125,1020.4166666666666
2014,13107.0,7350.0,5757.0,,,,,,,,Illinois,12882438.0,1.0174316383280866,797.6666666666666,1301.361111111111
2014,5971.0,3953.0,2018.0,,,,,,,,Indiana,6593182.0,0.9056325155289208,575.75,986.1111111111111
2014,2783.0,1533.0,1250.0,,,,,,,,Kansas,2899553.0,0.9598031144800596,570.4583333333334,1031.0833333333333
2014,5089.0,3352.0,1737.0,,,,,,,,Kentucky,4410415.0,1.1538596708019542,530.4166666666666,936.0
2014,4606.0,3444.0,1162.0,,,,,,,,Louisiana,4648797.0,0.9907939623950024,637.2916666666666,1050.75
2014,21237.0,6788.0,14449.0,,,,,,,,Massachusetts,6757925.0,3.14253265610376,1082.7916666666667,1748.7777777777778
2014,7856.0,4980.0,2876.0,,,,,,,,Maryland,5970245.0,1.3158588969129406,1091.0833333333333,1798.8055555555557
2014,2726.0,1348.0,1378.0,,,,,,,,Maine,1328903.0,2.0513160102731347,692.5416666666666,1137.0277777777778
2014,12227.0,7535.0,4692.0,,,,,,,,Michigan,9914675.0,1.2332224707315167,606.7083333333334,1070.25
2014,8377.0,3652.0,4725.0,,,,,,,,Minnesota,5452649.0,1.5363174853176869,682.5,1273.0833333333333
2014,7282.0,4307.0,2975.0,,,,,,,,Missouri,6058014.0,1.2020441022420878,581.8333333333334,1036.0555555555557
2014,2226.0,1714.0,512.0,,,,,,,,Mississippi,2988578.0,0.7448358383150783,585.7083333333334,965.2777777777778
2014,1745.0,1167.0,578.0,,,,,,,,Montana,1019931.0,1.7109000510818868,564.2916666666666,1022.4166666666666
2014,11491.0,7498.0,3993.0,,,,,,,,North Carolina,9941160.0,1.1559013233868078,651.0833333333334,1077.638888888889
2014,1258.0,886.0,372.0,,,,,,,,North Dakota,738658.0,1.7030885741439206,635.5833333333334,1145.4166666666667
2014,3026.0,1893.0,1133.0,,,,,,,,Nebraska,1880920.0,1.608787189247815,555.75,1004.8055555555555
2014,1376.0,795.0,581.0,,,,,,,,New Hampshire,1328684.0,1.0356111761713094,843.0,1436.1666666666667
2014,11671.0,6446.0,5225.0,,,,,,,,New Jersey,8943010.0,1.3050415911421325,1067.2916666666667,1765.2777777777778
2014,2746.0,1804.0,942.0,,,,,,,,New Mexico,2083207.0,1.3181599332183505,586.1666666666666,1049.8333333333333
2014,8582.0,7356.0,1226.0,,,,,,,,Nevada,2831730.0,3.0306561713157683,680.1666666666666,1312.111111111111
2014,80590.0,32643.0,47947.0,,,,,,,,New York,19773580.0,4.075640324109242,1152.2916666666667,1775.9444444444443
2014,11823.0,7704.0,4119.0,,,,,,,,Ohio,11593741.0,1.019774376536443,563.375,986.3611111111111
2014,4191.0,2964.0,1227.0,,,,,,,,Oklahoma,3875008.0,1.0815461542272944,550.5416666666666,982.5833333333334
2014,12164.0,7988.0,4176.0,,,,,,,,Oregon,3960673.0,3.071195223640023,785.2083333333334,1423.9722222222222
2014,15333.0,8359.0,6974.0,,,,,,,,Pennsylvania,12790341.0,1.1987952471321914,715.0416666666666,1164.638888888889
2014,1190.0,779.0,411.0,,,,,,,,Rhode Island,1054782.0,1.1281952100054795,809.625,1313.361111111111
2014,5057.0,3813.0,1244.0,,,,,,,,South Carolina,4824758.0,1.0481354712505788,644.3333333333334,1078.6944444444443
2014,885.0,490.0,395.0,,,,,,,,South Dakota,849455.0,1.0418444767527415,525.4583333333334,942.6388888888889
2014,9415.0,6800.0,2615.0,,,,,,,,Tennessee,6540007.0,1.4396009056259418,596.0833333333334,1016.1388888888889
2014,28495.0,19177.0,9318.0,,,,,,,,Texas,26954436.0,1.0571543771125465,713.25,1271.0
2014,3081.0,1729.0,1352.0,,,,,,,,Utah,2938671.0,1.0484331182361006,636.7083333333334,1178.611111111111
2014,7020.0,4234.0,2786.0,,,,,,,,Virginia,8316902.0,0.8440642922088056,955.2083333333334,1534.3055555555557
2014,1559.0,823.0,736.0,,,,,,,,Vermont,625665.0,2.491748779298826,845.5833333333334,1421.6666666666667
2014,18442.0,11390.0,7052.0,,,,,,,,Washington,7046931.0,2.617025766252004,887.2916666666666,1641.638888888889
2014,6055.0,2929.0,3126.0,,,,,,,,Wisconsin,5751272.0,1.0528105782512112,591.7083333333334,1028.4166666666667
2014,2013.0,1488.0,525.0,,,,,,,,West Virginia,1847624.0,1.0895073889492666,575.4166666666666,940.3888888888889
2014,757.0,463.0,294.0,,,,,,,,Wyoming,583334.0,1.29771280261394,589.2916666666666,1057.5
2013,1946.0,1362.0,584.0,,,,,,,,Alaska,736760.0,2.641294315652316,,
2013,4689.0,3387.0,1302.0,,,,,,,,Alabama,4827660.0,0.9712780104646972,,
2013,3812.0,3174.0,638.0,,,,,,,,Arkansas,2956780.0,1.2892403222424391,,
2013,10562.0,6510.0,4052.0,,,,,,,,Arizona,6616124.0,1.5964029694727608,,
2013,118552.0,93458.0,25094.0,,,,,,,,California,38347383.0,3.0915277843079934,,
2013,9754.0,4664.0,5090.0,,,,,,,,Colorado,5262556.0,1.8534719630536949,,
2013,4448.0,3101.0,1347.0,,,,,,,,Connecticut,3602470.0,1.2347084083975717,,
2013,6865.0,3696.0,3169.0,,,,,,,,Washington DC,,,,
2013,946.0,575.0,371.0,,,,,,,,Delaware,925114.0,1.0225766770365596,,
2013,47862.0,31359.0,16503.0,,,,,,,,Florida,19584927.0,2.4438181464756035,,
2013,16971.0,12880.0,4091.0,,,,,,,,Georgia,9981773.0,1.7001989526309604,,
2013,6335.0,3355.0,2980.0,,,,,,,,Hawaii,1408038.0,4.499168346308835,,
2013,3084.0,1524.0,1560.0,,,,,,,,Iowa,3089876.0,0.9980983055630712,,
2013,1781.0,1084.0,697.0,,,,,,,,Idaho,1610187.0,1.10608270964801,,
2013,13425.0,7958.0,5467.0,,,,,,,,Illinois,12890403.0,1.0414724815042633,,
2013,6096.0,3751.0,2345.0,,,,,,,,Indiana,6567484.0,0.9282093416596068,,
2013,2693.0,1480.0,1213.0,,,,,,,,Kansas,2892900.0,0.9308997891389263,,
2013,5245.0,3302.0,1943.0,,,,,,,,Kentucky,4399121.0,1.19228364029996,,
2013,5226.0,3908.0,1318.0,,,,,,,,Louisiana,4626795.0,1.1295075748979586,,
2013,19029.0,6694.0,12335.0,,,,,,,,Massachusetts,6711138.0,2.8354356593471928,,
2013,8205.0,5221.0,2984.0,,,,,,,,Maryland,5932654.0,1.3830235169622227,,
2013,3016.0,1563.0,1453.0,,,,,,,,Maine,1327975.0,2.2711270920009787,,
2013,11527.0,7236.0,4291.0,,,,,,,,Michigan,9899219.0,1.1644352953500674,,
2013,8214.0,3728.0,4486.0,,,,,,,,Minnesota,5416074.0,1.5165967082429082,,
2013,8581.0,4652.0,3929.0,,,,,,,,Missouri,6041142.0,1.4204268000983922,,
2013,2403.0,1753.0,650.0,,,,,,,,Mississippi,2987721.0,0.8042919670210171,,
2013,1878.0,1211.0,667.0,,,,,,,,Montana,1011921.0,1.8558761009999791,,
2013,12168.0,7530.0,4638.0,,,,,,,,North Carolina,9849812.0,1.2353535275597138,,
2013,2069.0,1230.0,839.0,,,,,,,,North Dakota,722908.0,2.8620516026935667,,
2013,3145.0,1892.0,1253.0,,,,,,,,Nebraska,1867414.0,1.6841471682230078,,
2013,1447.0,798.0,649.0,,,,,,,,New Hampshire,1322622.0,1.0940389620012372,,
2013,12002.0,6093.0,5909.0,,,,,,,,New Jersey,8913735.0,1.346461387959144,,
2013,2819.0,1786.0,1033.0,,,,,,,,New Mexico,2085161.0,1.3519339753620945,,
2013,7039.0,6200.0,839.0,,,,,,,,Nevada,2786547.0,2.526065413574578,,
2013,77430.0,31235.0,46195.0,,,,,,,,New York,19712514.0,3.927961699862331,,
2013,12325.0,7611.0,4714.0,,,,,,,,Ohio,11567845.0,1.0654534185062126,,
2013,4408.0,3179.0,1229.0,,,,,,,,Oklahoma,3849840.0,1.1449826486295531,,
2013,13822.0,8994.0,4828.0,,,,,,,,Oregon,3919664.0,3.5263226643916417,,
2013,15086.0,7973.0,7113.0,,,,,,,,Pennsylvania,12778450.0,1.1805813694149134,,
2013,1384.0,862.0,522.0,,,,,,,,Rhode Island,1052784.0,1.314609644523473,,
2013,6544.0,4736.0,1808.0,,,,,,,,South Carolina,4765862.0,1.3730989273294107,,
2013,1094.0,557.0,537.0,,,,,,,,South Dakota,842513.0,1.2984962843303312,,
2013,9528.0,6909.0,2619.0,,,,,,,,Tennessee,6490795.0,1.4679249614261427,,
2013,29615.0,20758.0,8857.0,,,,,,,,Texas,26479279.0,1.1184216911646274,,
2013,3277.0,1959.0,1318.0,,,,,,,,Utah,2899961.0,1.1300151967560943,,
2013,7625.0,4532.0,3093.0,,,,,,,,Virginia,8261689.0,0.9229347655182856,,
2013,1454.0,701.0,753.0,,,,,,,,Vermont,626044.0,2.3225204618205755,,
2013,17760.0,10617.0,7143.0,,,,,,,,Washington,6963410.0,2.550474551979562,,
2013,6104.0,3005.0,3099.0,,,,,,,,Wisconsin,5736673.0,1.0640313645208643,,
2013,2240.0,1544.0,696.0,,,,,,,,West Virginia,1852333.0,1.2092858033625704,,
2013,953.0,677.0,276.0,,,,,,,,Wyoming,582341.0,1.6364982029429491,,
2012,1913.0,1298.0,615.0,,,,,,,,Alaska,730825.0,2.617589710258954,,
2012,5209.0,3825.0,1384.0,,,,,,,,Alabama,4813946.0,1.0820644851437884,,
2012,4214.0,3428.0,786.0,,,,,,,,Arkansas,2949208.0,1.42885818836786,,
2012,11302.0,6310.0,4992.0,,,,,,,,Arizona,6544211.0,1.7270225547434213,,
2012,120098.0,94888.0,25210.0,,,,,,,,California,38019006.0,3.1588937385685463,,
2012,16768.0,5101.0,11667.0,,,,,,,,Colorado,5186330.0,3.2331147458800342,,
2012,4209.0,2906.0,1303.0,,,,,,,,Connecticut,3597705.0,1.1699124858764132,,
2012,6954.0,3767.0,3187.0,,,,,,,,Washington DC,,,,
2012,1008.0,611.0,397.0,,,,,,,,Delaware,916868.0,1.0993948965390874,,
2012,55170.0,36771.0,18399.0,,,,,,,,Florida,19341327.0,2.8524413035362053,,
2012,20516.0,15363.0,5153.0,,,,,,,,Georgia,9911171.0,2.069987491891725,,
2012,6246.0,3130.0,3116.0,,,,,,,,Hawaii,1392772.0,4.484581826745512,,
2012,2928.0,1446.0,1482.0,,,,,,,,Iowa,3074386.0,0.9523852892902842,,
2012,1968.0,1175.0,793.0,,,,,,,,Idaho,1594673.0,1.2341088110226988,,
2012,14144.0,8269.0,5875.0,,,,,,,,Illinois,12878494.0,1.0982650611166185,,
2012,6259.0,3316.0,2943.0,,,,,,,,Indiana,6535665.0,0.9576684239476778,,
2012,2684.0,1526.0,1158.0,,,,,,,,Kansas,2885316.0,0.9302273997024936,,
2012,5230.0,3282.0,1948.0,,,,,,,,Kentucky,4383673.0,1.1930634424602382,,
2012,7772.0,6322.0,1450.0,,,,,,,,Louisiana,4602681.0,1.6885810682947613,,
2012,17501.0,6289.0,11212.0,,,,,,,,Massachusetts,6659627.0,2.627924957358723,,
2012,9454.0,5727.0,3727.0,,,,,,,,Maryland,5891680.0,1.6046356896504903,,
2012,2393.0,1287.0,1106.0,,,,,,,,Maine,1328101.0,1.8018207952557823,,
2012,12592.0,7397.0,5195.0,,,,,,,,Michigan,9886610.0,1.273641824649703,,
2012,7744.0,3540.0,4204.0,,,,,,,,Minnesota,5377695.0,1.4400221656304422,,
2012,10237.0,4855.0,5382.0,,,,,,,,Missouri,6023267.0,1.6995759942237327,,
2012,2413.0,1794.0,619.0,,,,,,,,Mississippi,2982963.0,0.8089272310786289,,
2012,1833.0,1166.0,667.0,,,,,,,,Montana,1003522.0,1.8265668316190375,,
2012,13524.0,8480.0,5044.0,,,,,,,,North Carolina,9755299.0,1.3863234740421593,,
2012,688.0,485.0,203.0,,,,,,,,North Dakota,701380.0,0.9809233225926032,,
2012,3789.0,2215.0,1574.0,,,,,,,,Nebraska,1854862.0,2.0427395676875157,,
2012,1496.0,832.0,664.0,,,,,,,,New Hampshire,1320923.0,1.1325414123306203,,
2012,13025.0,6603.0,6422.0,,,,,,,,New Jersey,8882095.0,1.4664333133117806,,
2012,3245.0,2136.0,1109.0,,,,,,,,New Mexico,2083590.0,1.5574081273187144,,
2012,8497.0,7493.0,1004.0,,,,,,,,Nevada,2752410.0,3.087112748464073,,
2012,69566.0,30133.0,39433.0,,,,,,,,New York,19625409.0,3.5446904571517472,,
2012,13977.0,7855.0,6122.0,,,,,,,,Ohio,11546969.0,1.2104475209035377,,
2012,5032.0,3454.0,1578.0,,,,,,,,Oklahoma,3815298.0,1.3189009089198274,,
2012,15828.0,9788.0,6040.0,,,,,,,,Oregon,3893920.0,4.064798455027325,,
2012,14736.0,7295.0,7441.0,,,,,,,,Pennsylvania,12768034.0,1.1541322649986678,,
2012,1277.0,788.0,489.0,,,,,,,,Rhode Island,1052761.0,1.2130008615440733,,
2012,4915.0,3327.0,1588.0,,,,,,,,South Carolina,4719009.0,1.0415322369590734,,
2012,859.0,512.0,347.0,,,,,,,,South Dakota,832576.0,1.031737643170113,,
2012,9426.0,6905.0,2521.0,,,,,,,,Tennessee,6450632.0,1.4612521687797408,,
2012,34052.0,20743.0,13309.0,,,,,,,,Texas,26078327.0,1.3057586094384044,,
2012,3527.0,2049.0,1478.0,,,,,,,,Utah,2854222.0,1.2357132696755897,,
2012,8424.0,5084.0,3340.0,,,,,,,,Virginia,8188656.0,1.0287402474838359,,
2012,1160.0,653.0,507.0,,,,,,,,Vermont,625606.0,1.8542021655802532,,
2012,20504.0,11273.0,9231.0,,,,,,,,Washington,6890899.0,2.9755188691635155,,
2012,6027.0,3033.0,2994.0,,,,,,,,Wisconsin,5721075.0,1.0534733419855535,,
2012,2410.0,1742.0,668.0,,,,,,,,West Virginia,1855360.0,1.2989392894101417,,
2012,1813.0,1302.0,511.0,,,,,,,,Wyoming,576608.0,3.1442505133470227,,
2011,2128.0,1286.0,842.0,,,,,,,,Alaska,722259.0,2.9463115032142206,,
2011,5558.0,4325.0,1233.0,,,,,,,,Alabama,4798649.0,1.1582426637163918,,
2011,3424.0,2505.0,919.0,,,,,,,,Arkansas,2938640.0,1.165164838156426,,
2011,10504.0,6403.0,4101.0,,,,,,,,Arizona,6465488.0,1.624626014308587,,
2011,125128.0,97964.0,27164.0,,,,,,,,California,37672654.0,3.3214543366124403,,
2011,15116.0,4546.0,10570.0,,,,,,,,Colorado,5116411.0,2.954414725478465,,
2011,4456.0,3071.0,1385.0,,,,,,,,Connecticut,3591927.0,1.240559732978983,,
2011,6546.0,3858.0,2688.0,,,,,,,,Washington DC,,,,
2011,1035.0,663.0,372.0,,,,,,,,Delaware,907884.0,1.1400134818985683,,
2011,56687.0,37584.0,19103.0,,,,,,,,Florida,19097369.0,2.9683146406188197,,
2011,20975.0,15975.0,5000.0,,,,,,,,Georgia,9810595.0,2.137994688395556,,
2011,6188.0,3195.0,2993.0,,,,,,,,Hawaii,1378323.0,4.4895137061487045,,
2011,3134.0,1628.0,1506.0,,,,,,,,Iowa,3063690.0,1.0229494498464269,,
2011,2199.0,1310.0,889.0,,,,,,,,Idaho,1583180.0,1.3889766166828788,,
2011,14009.0,8173.0,5836.0,,,,,,,,Illinois,12862298.0,1.089152187268558,,
2011,6196.0,3789.0,2407.0,,,,,,,,Indiana,6515358.0,0.9509838139362412,,
2011,2511.0,1425.0,1086.0,,,,,,,,Kansas,2868756.0,0.8752922869703802,,
2011,6034.0,3842.0,2192.0,,,,,,,,Kentucky,4368505.0,1.3812505651246825,,
2011,9291.0,7941.0,1350.0,,,,,,,,Louisiana,4574388.0,2.031091372222907,,
2011,16664.0,6344.0,10320.0,,,,,,,,Massachusetts,6612178.0,2.520198337068361,,
2011,10208.0,6353.0,3855.0,,,,,,,,Maryland,5843115.0,1.7470133653025826,,
2011,2447.0,1184.0,1263.0,,,,,,,,Maine,1327968.0,1.8426648834911683,,
2011,13185.0,7634.0,5551.0,,,,,,,,Michigan,9876199.0,1.3350277773868269,,
2011,7495.0,3410.0,4085.0,,,,,,,,Minnesota,5345967.0,1.4019914451398596,,
2011,8989.0,4657.0,4332.0,,,,,,,,Missouri,6010280.0,1.4956041981405193,,
2011,2306.0,1825.0,481.0,,,,,,,,Mississippi,2977452.0,0.7744877163426984,,
2011,1768.0,1094.0,674.0,,,,,,,,Montana,996866.0,1.7735583318118984,,
2011,12896.0,8303.0,4593.0,,,,,,,,North Carolina,9662940.0,1.3345834704551616,,
2011,603.0,396.0,207.0,,,,,,,,North Dakota,684830.0,0.8805104916548633,,
2011,3548.0,2210.0,1338.0,,,,,,,,Nebraska,1841641.0,1.9265426866582571,,
2011,1469.0,820.0,649.0,,,,,,,,New Hampshire,1318345.0,1.1142758534374535,,
2011,14137.0,6841.0,7296.0,,,,,,,,New Jersey,8844694.0,1.5983594231750695,,
2011,3601.0,2246.0,1355.0,,,,,,,,New Mexico,2077744.0,1.7331297792220794,,
2011,9150.0,7973.0,1177.0,,,,,,,,Nevada,2718170.0,3.3662353715919164,,
2011,63445.0,27338.0,36107.0,,,,,,,,New York,19526372.0,3.249195498272797,,
2011,13030.0,7812.0,5218.0,,,,,,,,Ohio,11543332.0,1.1287901967993297,,
2011,4625.0,3236.0,1389.0,,,,,,,,Oklahoma,3785232.0,1.2218537727674288,,
2011,17254.0,9445.0,7809.0,,,,,,,,Oregon,3865845.0,4.463189807144364,,
2011,15096.0,7867.0,7229.0,,,,,,,,Pennsylvania,12742811.0,1.184667966903064,,
2011,1070.0,652.0,418.0,,,,,,,,Rhode Island,1052154.0,1.0169613953850862,,
2011,5093.0,3505.0,1588.0,,,,,,,,South Carolina,4672744.0,1.0899377325186228,,
2011,826.0,460.0,366.0,,,,,,,,South Dakota,823338.0,1.0032331800548495,,
2011,9113.0,6475.0,2638.0,,,,,,,,Tennessee,6396281.0,1.4247341541123664,,
2011,36911.0,23577.0,13334.0,,,,,,,,Texas,25644424.0,1.439338235867571,,
2011,3130.0,1842.0,1288.0,,,,,,,,Utah,2815430.0,1.111730712537694,,
2011,8816.0,5231.0,3585.0,,,,,,,,Virginia,8107548.0,1.0873817830002364,,
2011,1144.0,637.0,507.0,,,,,,,,Vermont,626210.0,1.8268631928586256,,
2011,20439.0,10868.0,9571.0,,,,,,,,Washington,6819155.0,2.9972921864952475,,
2011,5785.0,2838.0,2947.0,,,,,,,,Wisconsin,5705812.0,1.013878480398583,,
2011,2211.0,1662.0,549.0,,,,,,,,West Virginia,1854891.0,1.1919837877266102,,
2011,1038.0,320.0,718.0,,,,,,,,Wyoming,567602.0,1.828746198921075,,
2010,1863.0,1118.0,745.0,,,,,,,,Alaska,714015.0,2.6091888825865,,
2010,6046.0,4553.0,1493.0,,,,,,,,Alabama,4785579.0,1.2633789976092755,,
2010,2762.0,2120.0,642.0,,,,,,,,Arkansas,2921737.0,0.9453280702540988,,
2010,13711.0,9226.0,4485.0,,,,,,,,Arizona,6407002.0,2.140002453565646,,
2010,123480.0,96940.0,26540.0,,,,,,,,California,37327690.0,3.3080000396488503,,
2010,15482.0,7574.0,7908.0,,,,,,,,Colorado,5048029.0,3.0669395916703333,,
2010,4316.0,2993.0,1323.0,,,,,,,,Connecticut,3580171.0,1.205529009647863,,
2010,6539.0,4016.0,2523.0,,,,,,,,Washington DC,,,,
2010,982.0,681.0,301.0,,,,,,,,Delaware,899712.0,1.0914603784322094,,
2010,57551.0,35738.0,21813.0,,,,,,,,Florida,18846461.0,3.0536767619130187,,
2010,19836.0,14377.0,5459.0,,,,,,,,Georgia,9712696.0,2.042275388831278,,
2010,5834.0,2889.0,2945.0,,,,,,,,Hawaii,1363817.0,4.277700014004812,,
2010,3014.0,1528.0,1486.0,,,,,,,,Iowa,3050223.0,0.9881244748334792,,
2010,2346.0,1445.0,901.0,,,,,,,,Idaho,1570912.0,1.4934000122221995,,
2010,14395.0,7568.0,6827.0,,,,,,,,Illinois,12841196.0,1.121001501729278,,
2010,6452.0,3588.0,2864.0,,,,,,,,Indiana,6490029.0,0.9941403959828222,,
2010,2024.0,1318.0,706.0,,,,,,,,Kansas,2858403.0,0.708087697920832,,
2010,6623.0,4125.0,2498.0,,,,,,,,Kentucky,4347948.0,1.5232472881460404,,
2010,12482.0,10101.0,2381.0,,,,,,,,Louisiana,4544871.0,2.7463925818796624,,
2010,16646.0,6403.0,10243.0,,,,,,,,Massachusetts,6564943.0,2.535589417912692,,
2010,10845.0,5999.0,4846.0,,,,,,,,Maryland,5788099.0,1.8736721676667936,,
2010,2379.0,1061.0,1318.0,,,,,,,,Maine,1327568.0,1.7919986019548528,,
2010,13058.0,7365.0,5693.0,,,,,,,,Michigan,9876731.0,1.3220973619712841,,
2010,7869.0,3605.0,4264.0,,,,,,,,Minnesota,5310711.0,1.4817225038229345,,
2010,8122.0,4427.0,3695.0,,,,,,,,Missouri,5995681.0,1.3546417829767796,,
2010,2743.0,1924.0,819.0,,,,,,,,Mississippi,2970437.0,0.9234331514184612,,
2010,1615.0,890.0,725.0,,,,,,,,Montana,990507.0,1.6304781288774337,,
2010,12191.0,8361.0,3830.0,,,,,,,,North Carolina,9574247.0,1.2733116244024203,,
2010,799.0,539.0,260.0,,,,,,,,North Dakota,674518.0,1.184549559833837,,
2010,3877.0,2423.0,1454.0,,,,,,,,Nebraska,1829956.0,2.1186301747145837,,
2010,1574.0,943.0,631.0,,,,,,,,New Hampshire,1316700.0,1.1954127743601428,,
2010,13737.0,6520.0,7217.0,,,,,,,,New Jersey,8803708.0,1.5603652460985755,,
2010,3475.0,2343.0,1132.0,,,,,,,,New Mexico,2064607.0,1.6831290410233035,,
2010,11205.0,9565.0,1640.0,,,,,,,,Nevada,2702797.0,4.145705356340118,,
2010,65606.0,26293.0,39313.0,,,,,,,,New York,19405185.0,3.3808489844337988,,
2010,12569.0,7719.0,4850.0,,,,,,,,Ohio,11539282.0,1.0892358814005931,,
2010,5229.0,3317.0,1912.0,,,,,,,,Oklahoma,3759529.0,1.390865717487483,,
2010,19492.0,10731.0,8761.0,,,,,,,,Oregon,3837073.0,5.0799137780282,,
2010,14516.0,7191.0,7325.0,,,,,,,,Pennsylvania,12711063.0,1.1419973294129688,,
2010,1282.0,704.0,578.0,,,,,,,,Rhode Island,1053169.0,1.217278518452404,,
2010,4473.0,3194.0,1279.0,,,,,,,,South Carolina,4635834.0,0.9648749286536143,,
2010,731.0,445.0,286.0,,,,,,,,South Dakota,816227.0,0.8955841941028659,,
2010,10276.0,7623.0,2653.0,,,,,,,,Tennessee,6355882.0,1.6167701036614588,,
2010,35121.0,24078.0,11043.0,,,,,,,,Texas,25241648.0,1.3913909266146172,,
2010,3284.0,1926.0,1358.0,,,,,,,,Utah,2775260.0,1.183312554499398,,
2010,9080.0,5338.0,3742.0,,,,,,,,Virginia,8025206.0,1.1314351307617525,,
2010,1220.0,797.0,423.0,,,,,,,,Vermont,625842.0,1.9493738036117745,,
2010,22878.0,11901.0,10977.0,,,,,,,,Washington,6741386.0,3.3936641515557784,,
2010,6333.0,3040.0,3293.0,,,,,,,,Wisconsin,5690403.0,1.1129264482673722,,
2010,2264.0,1527.0,737.0,,,,,,,,West Virginia,1854315.0,1.2209360329825298,,
2010,579.0,327.0,252.0,,,,,,,,Wyoming,564376.0,1.025911803478532,,
2009,1992.0,1239.0,753.0,,,,,,,,Alaska,694690.0,2.8674660639997698,,
2009,6080.0,4686.0,1394.0,,,,,,,,Alabama,4707496.0,1.2915571250618163,,
2009,2852.0,2181.0,671.0,,,,,,,,Arkansas,2887331.0,0.9877634396610572,,
2009,14721.0,9959.0,4762.0,,,,,,,,Arizona,6587653.0,2.2346350058207376,,
2009,123678.0,97534.0,26144.0,,,,,,,,California,36887615.0,3.352832651284177,,
2009,15268.0,7401.0,7867.0,,,,,,,,Colorado,5015155.0,3.04437250693149,,
2009,4605.0,2773.0,1832.0,,,,,,,,Connecticut,3514826.0,1.3101644291922274,,
2009,6228.0,3934.0,2294.0,,,,,,,,Washington DC,,,,
2009,1130.0,776.0,354.0,,,,,,,,Delaware,884124.0,1.2781012618139538,,
2009,55599.0,34432.0,21167.0,,,,,,,,Florida,18509936.0,3.0037381004450796,,
2009,20360.0,14365.0,5995.0,,,,,,,,Georgia,9813588.0,2.074674420813264,,
2009,5782.0,2941.0,2841.0,,,,,,,,Hawaii,1288285.0,4.488137329861017,,
2009,3380.0,1655.0,1725.0,,,,,,,,Iowa,3008331.0,1.1235465778200602,,
2009,1939.0,1117.0,822.0,,,,,,,,Idaho,1544465.0,1.2554509166604615,,
2009,14055.0,7475.0,6580.0,,,,,,,,Illinois,12893278.0,1.0901029202969177,,
2009,6984.0,4151.0,2833.0,,,,,,,,Indiana,6417276.0,1.0883122371548302,,
2009,1892.0,1238.0,654.0,,,,,,,,Kansas,2817430.0,0.6715339866474056,,
2009,5999.0,3302.0,2697.0,,,,,,,,Kentucky,4312268.0,1.3911473034607311,,
2009,12504.0,10098.0,2406.0,,,,,,,,Louisiana,4489490.0,2.78517158964604,,
2009,15482.0,7057.0,8425.0,,,,,,,,Massachusetts,6592205.0,2.348531333597787,,
2009,11698.0,6641.0,5057.0,,,,,,,,Maryland,5688399.0,2.056466151548089,,
2009,2444.0,1124.0,1320.0,,,,,,,,Maine,1315889.0,1.8572995138647712,,
2009,14005.0,7857.0,6148.0,,,,,,,,Michigan,9955260.0,1.4067939963396234,,
2009,7718.0,3393.0,4325.0,,,,,,,,Minnesota,5262824.0,1.4665130355869775,,
2009,6959.0,3823.0,3136.0,,,,,,,,Missouri,5982234.0,1.163277798895864,,
2009,2797.0,1843.0,954.0,,,,,,,,Mississippi,2949943.0,0.9481539134823962,,
2009,1196.0,752.0,444.0,,,,,,,,Montana,974163.0,1.2277206175968498,,
2009,12918.0,9159.0,3759.0,,,,,,,,North Carolina,9357107.0,1.3805549086913294,,
2009,773.0,548.0,225.0,,,,,,,,North Dakota,645903.0,1.1967741286230285,,
2009,3718.0,2072.0,1646.0,,,,,,,,Nebraska,1794852.0,2.071479988322157,,
2009,1645.0,891.0,754.0,,,,,,,,New Hampshire,1322181.0,1.2441564354653407,,
2009,13169.0,5962.0,7207.0,,,,,,,,New Jersey,8693723.0,1.5147710595334127,,
2009,3475.0,2343.0,1132.0,,,,,,,,New Mexico,2007315.0,1.7311682521178788,,
2009,11089.0,9394.0,1695.0,,,,,,,,Nevada,2638588.0,4.202626556324821,,
2009,61067.0,24557.0,36510.0,,,,,,,,New York,19522612.0,3.128013812905773,,
2009,12700.0,7774.0,4926.0,,,,,,,,Ohio,11531860.0,1.1012967552502373,,
2009,4838.0,3227.0,1611.0,,,,,,,,Oklahoma,3685640.0,1.3126621156705485,,
2009,17309.0,10443.0,6866.0,,,,,,,,Oregon,3823058.0,4.527527440075458,,
2009,15096.0,7384.0,7712.0,,,,,,,,Pennsylvania,12602112.0,1.1978944481686875,,
2009,1607.0,1139.0,468.0,,,,,,,,Rhode Island,1057451.0,1.5196921654053002,,
2009,4473.0,3194.0,1279.0,,,,,,,,South Carolina,4554258.0,0.9821577960668896,,
2009,731.0,445.0,286.0,,,,,,,,South Dakota,810814.0,0.9015631205183926,,
2009,10532.0,8048.0,2484.0,,,,,,,,Tennessee,6291220.0,1.674079113431099,,
2009,36761.0,22564.0,14197.0,,,,,,,,Texas,24770651.0,1.4840546580709568,,
2009,3795.0,2242.0,1553.0,,,,,,,,Utah,2780871.0,1.3646803465532922,,
2009,8852.0,5066.0,3786.0,,,,,,,,Virginia,7862480.0,1.1258534202948691,,
2009,1214.0,693.0,521.0,,,,,,,,Vermont,621436.0,1.9535398657303404,,
2009,22782.0,12086.0,10696.0,,,,,,,,Washington,6671597.0,3.4147746034420243,,
2009,6525.0,3161.0,3364.0,,,,,,,,Wisconsin,5650751.0,1.1547137716738891,,
2009,1667.0,1101.0,566.0,,,,,,,,West Virginia,1821290.0,0.9152853197458944,,
2009,515.0,340.0,175.0,,,,,,,,Wyoming,544391.0,0.94601123089838,,
2008,1646.0,1067.0,579.0,,,,,,,,Alaska,685532.0,2.4010549471067724,,
2008,5387.0,4086.0,1301.0,,,,,,,,Alabama,4673889.0,1.1525733709123174,,
2008,3255.0,2625.0,630.0,,,,,,,,Arkansas,2867099.0,1.1352938981179237,,
2008,12488.0,8428.0,4060.0,,,,,,,,Arizona,6499207.0,1.9214651879837032,,
2008,136531.0,109050.0,27481.0,,,,,,,,California,36538008.0,3.7366842768220967,,
2008,14747.0,6260.0,8487.0,,,,,,,,Colorado,4928676.0,2.9920814433734333,,
2008,4627.0,2773.0,1854.0,,,,,,,,Connecticut,3502664.0,1.320994534445782,,
2008,6044.0,4208.0,1836.0,,,,,,,,Washington DC,,,,
2008,933.0,652.0,281.0,,,,,,,,Delaware,876794.0,1.0641039970620236,,
2008,50158.0,32959.0,17199.0,,,,,,,,Florida,18410241.0,2.7244618905314706,,
2008,19095.0,13728.0,5367.0,,,,,,,,Georgia,9690277.0,1.9705319053314987,,
2008,6061.0,3326.0,2735.0,,,,,,,,Hawaii,1280001.0,4.735152550662071,,
2008,3346.0,1609.0,1737.0,,,,,,,,Iowa,2994658.0,1.117322913000416,,
2008,1464.0,817.0,647.0,,,,,,,,Idaho,1526295.0,0.9591854785608288,,
2008,14724.0,8356.0,6368.0,,,,,,,,Illinois,12836402.0,1.1470503962091556,,
2008,7395.0,4937.0,2458.0,,,,,,,,Indiana,6386601.0,1.1578929073540056,,
2008,1738.0,1080.0,658.0,,,,,,,,Kansas,2795257.0,0.6217675154735325,,
2008,8137.0,4344.0,3793.0,,,,,,,,Kentucky,4287259.0,1.8979492491589611,,
2008,5481.0,2894.0,2587.0,,,,,,,,Louisiana,4448806.0,1.2320159611365389,,
2008,14506.0,7127.0,7379.0,,,,,,,,Massachusetts,6544089.0,2.2166568944890566,,
2008,9219.0,4806.0,4413.0,,,,,,,,Maryland,5650870.0,1.6314302045525733,,
2008,2632.0,1241.0,1391.0,,,,,,,,Maine,1318133.0,1.9967636042796897,,
2008,28248.0,17364.0,10884.0,,,,,,,,Michigan,9999456.0,2.824953677480055,,
2008,7644.0,3388.0,4256.0,,,,,,,,Minnesota,5230247.0,1.4614988546430026,,
2008,7687.0,4195.0,3492.0,,,,,,,,Missouri,5951844.0,1.291532506564352,,
2008,1961.0,1697.0,264.0,,,,,,,,Mississippi,2939234.0,0.6671806327771113,,
2008,1417.0,968.0,449.0,,,,,,,,Montana,967717.0,1.4642710627177158,,
2008,12411.0,8749.0,3662.0,,,,,,,,North Carolina,9230086.0,1.344624524625231,,
2008,615.0,375.0,240.0,,,,,,,,North Dakota,640525.0,0.9601498770539793,,
2008,3985.0,2244.0,1741.0,,,,,,,,Nebraska,1780143.0,2.238584203628585,,
2008,2019.0,1172.0,847.0,,,,,,,,New Hampshire,1320981.0,1.5284095683435264,,
2008,13832.0,6848.0,6984.0,,,,,,,,New Jersey,8657319.0,1.59772326744573,,
2008,3015.0,1861.0,1154.0,,,,,,,,New Mexico,1984179.0,1.519520164259374,,
2008,8726.0,6512.0,2214.0,,,,,,,,Nevada,2612460.0,3.3401468347840733,,
2008,61125.0,25771.0,35354.0,,,,,,,,New York,19464482.0,3.1403353040682,,
2008,12912.0,7865.0,5047.0,,,,,,,,Ohio,11526691.0,1.1201827133216289,,
2008,3846.0,2674.0,1172.0,,,,,,,,Oklahoma,3640241.0,1.0565234554525371,,
2008,20653.0,11548.0,9105.0,,,,,,,,Oregon,3780596.0,5.462895268365093,,
2008,15378.0,7734.0,7644.0,,,,,,,,Pennsylvania,12562536.0,1.224115895070868,,
2008,1196.0,714.0,482.0,,,,,,,,Rhode Island,1058368.0,1.1300417246175245,,
2008,5660.0,3809.0,1851.0,,,,,,,,South Carolina,4497746.0,1.2584081004129624,,
2008,579.0,268.0,311.0,,,,,,,,South Dakota,803047.0,0.7210038764854361,,
2008,9705.0,7242.0,2463.0,,,,,,,,Tennessee,6239542.0,1.5554026241028591,,
2008,40190.0,27950.0,12240.0,,,,,,,,Texas,24290611.0,1.6545487472505322,,
2008,3434.0,2018.0,1416.0,,,,,,,,Utah,2724685.0,1.260329175666178,,
2008,8469.0,4838.0,3631.0,,,,,,,,Virginia,7780691.0,1.088463736704105,,
2008,954.0,627.0,327.0,,,,,,,,Vermont,620967.0,1.5363135239070675,,
2008,21954.0,12156.0,9798.0,,,,,,,,Washington,6566085.0,3.3435448977587097,,
2008,5449.0,2285.0,3164.0,,,,,,,,Wisconsin,5627257.0,0.9683225770566372,,
2008,2016.0,1435.0,581.0,,,,,,,,West Virginia,1816352.0,1.1099170204894204,,
2008,751.0,357.0,394.0,,,,,,,,Wyoming,532626.0,1.4099950058765438,,
2007,1642.0,1062.0,580.0,,,,,,,,Alaska,679893.0,2.4150859032230074,,
2007,5452.0,4184.0,1268.0,,,,,,,,Alabama,4634063.0,1.176505369046558,,
2007,3836.0,2987.0,849.0,,,,,,,,Arkansas,2841595.0,1.3499460690210956,,
2007,14646.0,10020.0,4626.0,,,,,,,,Arizona,6360238.0,2.3027440168119497,,
2007,138986.0,110952.0,28034.0,,,,,,,,California,36185908.0,3.8408874526514576,,
2007,14225.0,6844.0,7381.0,,,,,,,,Colorado,4837229.0,2.9407332173027165,,
2007,4482.0,3173.0,1309.0,,,,,,,,Connecticut,3488084.0,1.2849461194168492,,
2007,5320.0,3717.0,1603.0,,,,,,,,Washington DC,,,,
2007,1061.0,716.0,345.0,,,,,,,,Delaware,865314.0,1.226144497835468,,
2007,48069.0,33040.0,15029.0,,,,,,,,Florida,18262096.0,2.632173218233,,
2007,19639.0,12521.0,7118.0,,,,,,,,Georgia,9526642.0,2.0614818946697064,,
2007,6070.0,3335.0,2735.0,,,,,,,,Hawaii,1269796.0,4.780295417531635,,
2007,2734.0,1504.0,1230.0,,,,,,,,Iowa,2979867.0,0.9174906128360762,,
2007,1749.0,1102.0,647.0,,,,,,,,Idaho,1498390.0,1.1672528513938292,,
2007,15487.0,8653.0,6834.0,,,,,,,,Illinois,12775864.0,1.2122076440387908,,
2007,7358.0,4734.0,2624.0,,,,,,,,Indiana,6344771.0,1.15969512532446,,
2007,2111.0,1208.0,903.0,,,,,,,,Kansas,2773740.0,0.7610662859532616,,
2007,8061.0,3890.0,4171.0,,,,,,,,Kentucky,4254513.0,1.8946939402935188,,
2007,5494.0,2973.0,2521.0,,,,,,,,Louisiana,4373448.0,1.2562170626014073,,
2007,15127.0,8292.0,6835.0,,,,,,,,Massachusetts,6499672.0,2.327348210802022,,
2007,9628.0,5052.0,4576.0,,,,,,,,Maryland,5627211.0,1.7109719184157126,,
2007,2638.0,1136.0,1502.0,,,,,,,,Maine,1315749.0,2.004941672005831,,
2007,28295.0,17553.0,10742.0,,,,,,,,Michigan,10051145.0,2.815102160002666,,
2007,7323.0,3269.0,4054.0,,,,,,,,Minnesota,5191267.0,1.4106382892654143,,
2007,6247.0,3336.0,2911.0,,,,,,,,Missouri,5905750.0,1.057782669432333,,
2007,1377.0,1115.0,262.0,,,,,,,,Mississippi,2920312.0,0.4715249603467026,,
2007,1150.0,633.0,517.0,,,,,,,,Montana,957123.0,1.2015174643175432,,
2007,11802.0,8391.0,3411.0,,,,,,,,North Carolina,9047856.0,1.30439741746553,,
2007,636.0,403.0,233.0,,,,,,,,North Dakota,637534.0,0.9975938538179924,,
2007,3531.0,2172.0,1359.0,,,,,,,,Nebraska,1768745.0,1.99633073167698,,
2007,2248.0,1255.0,993.0,,,,,,,,New Hampshire,1316496.0,1.7075631069141113,,
2007,17314.0,8972.0,8342.0,,,,,,,,New Jersey,8630810.0,2.006068955289249,,
2007,3015.0,1861.0,1154.0,,,,,,,,New Mexico,1966357.0,1.5332922760210888,,
2007,8642.0,6477.0,2165.0,,,,,,,,Nevada,2564816.0,3.3694424863226056,,
2007,62601.0,28056.0,34545.0,,,,,,,,New York,19419540.0,3.223608798148669,,
2007,11264.0,6870.0,4394.0,,,,,,,,Ohio,11518989.0,0.9778635954943616,,
2007,4221.0,2982.0,1239.0,,,,,,,,Oklahoma,3608759.0,1.1696541664322833,,
2007,17590.0,9871.0,7719.0,,,,,,,,Oregon,3730833.0,4.71476477237121,,
2007,16220.0,8229.0,7991.0,,,,,,,,Pennsylvania,12517701.0,1.2957650929671511,,
2007,1372.0,643.0,729.0,,,,,,,,Rhode Island,1059706.0,1.2946987183237617,,
2007,5660.0,3771.0,1889.0,,,,,,,,South Carolina,4417059.0,1.2813956073486907,,
2007,579.0,268.0,311.0,,,,,,,,South Dakota,795521.0,0.7278249097132571,,
2007,11210.0,8462.0,2748.0,,,,,,,,Tennessee,6172788.0,1.8160351529973169,,
2007,39788.0,26306.0,13482.0,,,,,,,,Texas,23824518.0,1.6700442795946595,,
2007,3011.0,1945.0,1066.0,,,,,,,,Utah,2662908.0,1.1307187480754124,,
2007,9746.0,5523.0,4223.0,,,,,,,,Virginia,7705466.0,1.2648164303106393,,
2007,1035.0,599.0,436.0,,,,,,,,Vermont,620438.0,1.6681763528346103,,
2007,23379.0,13289.0,10090.0,,,,,,,,Washington,6464167.0,3.616707303508712,,
2007,5648.0,2403.0,3245.0,,,,,,,,Wisconsin,5601508.0,1.0082999078105397,,
2007,2409.0,1915.0,494.0,,,,,,,,West Virginia,1812295.0,1.3292537914633102,,
2007,537.0,331.0,206.0,,,,,,,,Wyoming,523226.0,1.0263251443926718,,
